link,image,name,price,original_price,promo,sales,rating,seller,location
https://www.tokopedia.com/insrgt-club/insurgent-club-work-jacket-logo-black-jaket-pria-1729574098275763914?extParam=ivf%3Dfalse%26keyword%3Dwork+jacket%26search_id%3D2025091411251537BC2F75BF1BCF15FLTN%26src%3Dsearch,https://images.tokopedia.net/img/cache/200-square/aphluv/1997/1/1/0668158471904e84a2e7f1f7ba55b615~.jpeg.webp?ect=4g,Insurgent Club - Work Jacket Logo Black Jaket Pria,Rp489.708,Rp549.000,11%,100+ terjual,4.9,INSRGT CLUB,Bandung
https://www.tokopedia.com/bitsnbobs76/bitsnbobs76-work-jacket-black-eyes-workjacket-hitam-1729652134100502294?extParam=ivf%3Dfalse%26keyword%3Dwork+jacket%26search_id%3D2025091411251537BC2F75BF1BCF15FLTN%26src%3Dsearch,https://images.tokopedia.net/img/cache/200-square/aphluv/1997/1/1/8c3e391a17db4b7bbe6476e893002ee7~.jpeg.webp?ect=4g,Bitsnbobs76 Work Jacket Black Eyes Workjacket Hitam,Rp229.000,Rp450.000,49%,10rb+ terjual,4.8,Bitsnbobs76,Bandung
https://www.tokopedia.com/gosterindustries/goster-work-jacket-boxy-fit-michigan-beige-brown-zipper-pria-jaket-1729601502856709966?extParam=ivf%3Dfalse%26keyword%3Dwork+jacket%26search_id%3D2025091411251537BC2F75BF1BCF15FLTN%26src%3Dsearch,https://images.tokopedia.net/img/cache/200-square/aphluv/1997/1/1/f208d0ededf8491a89b1ba1b737b59a4~.jpeg.webp?ect=4g,Goster Work Jacket Boxy Fit - Michigan Beige Brown Zipper Pria Jaket,Rp395.500,Rp480.000,18%,100+ terjual,5.0,goster.industries,Bandung
https://www.tokopedia.com/shiningbright/shining-bright-light-corduroy-work-jacket-black-jaket-outer-boxy-fit-1730961811226199943?extParam=ivf%3Dfalse%26keyword%3Dwork+jacket%26search_id%3D2025091411251537BC2F75BF1BCF15FLTN%26src%3Dsearch,https://images.tokopedia.net/img/cache/200-square/o3syd0/1997/1/1/29a73e4e90d341fd963326d39f0247dd~.jpeg.webp?ect=4g,Shining Bright Light Corduroy Work Jacket - Black Jaket Outer Boxy Fit,Rp254.678,Rp450.000,43%,2rb+ terjual,4.8,SHINING BRIGHT_NEW,Depok
https://www.tokopedia.com/gosterindustries/goster-work-jacket-boxy-fit-corduroy-vermont-denim-blue-1729733321149810510?extParam=ivf%3Dfalse%26keyword%3Dwork+jacket%26search_id%3D2025091411251537BC2F75BF1BCF15FLTN%26src%3Dsearch,https://images.tokopedia.net/img/cache/200-square/aphluv/1997/1/1/c868e2e2d6274acca5b430de31a37e3d~.jpeg.webp?ect=4g,Goster Work Jacket Boxy Fit Corduroy - Vermont Denim Blue,Rp460.000,Rp800.000,43%,100+ terjual,4.9,goster.industries,Bandung
https://www.tokopedia.com/hanoonindustries/hanoon-work-jacket-boxy-brown-fuelo-script-boxy-work-jaket-vintage-brown-s-e2a0e?extParam=ivf%3Dtrue%26keyword%3Dwork+jacket%26search_id%3D2025091411251537BC2F75BF1BCF15FLTN%26src%3Dsearch,https://images.tokopedia.net/img/cache/200-square/aphluv/1997/1/1/9d9dde8fc8b644979ff96553f2a67cf1~.jpeg.webp?ect=4g,Hanoon Industries – Work Jacket Boxy Fit Brown Fuelo Script,Rp431.100,Rp479.000,10%,500+ terjual,5.0,Hanoon Industries,Kab. Garut
https://www.tokopedia.com/dobujack/dobujack-work-jacket-roddick-black-1729847590716214153?extParam=ivf%3Dfalse%26keyword%3Dwork+jacket%26search_id%3D2025091411251537BC2F75BF1BCF15FLTN%26src%3Dsearch,https://images.tokopedia.net/img/cache/200-square/o3syd0/1997/1/1/89bc75b6f91844e19707d5cbefd3c79a~.jpeg.webp?ect=4g,Dobujack Work Jacket Roddick Black,Rp206.000,Rp540.000,62%,10rb+ terjual,4.8,Dobujack,Bandung
https://www.tokopedia.com/confuciuss/confucius-boxy-work-jacket-polos-boxy-work-jacket-jaket-pria-wanita-unisex-1731457758020076553?extParam=ivf%3Dfalse%26keyword%3Dwork+jacket%26search_id%3D2025091411251537BC2F75BF1BCF15FLTN%26src%3Dsearch,https://images.tokopedia.net/img/cache/200-square/aphluv/1997/1/1/4edcf82c49f74cb4947371f61c2bf9eb~.jpeg.webp?ect=4g,confucius Boxy Work Jacket Polos Boxy Work Jacket // jaket pria Wanita Unisex,Rp140.000,Rp200.000,30%,40+ terjual,5.0,confuciuss,Kab. Bandung
https://www.tokopedia.com/eternalworks/eternalworks-tac-black-work-jacket-bomber-jacket-1730456537360991626?extParam=ivf%3Dfalse%26keyword%3Dwork+jacket%26search_id%3D2025091411251537BC2F75BF1BCF15FLTN%26src%3Dsearch,https://images.tokopedia.net/img/cache/200-square/aphluv/1997/1/1/a5c085ddeb98405f9d667bc9991a95fc~.jpeg.webp?ect=4g,ETERNALWORKS TAC BLACK WORK JACKET - BOMBER JACKET,Rp299.400,Rp499.000,40%,250+ terjual,4.9,Eternalworks,Kab. Bandung
https://www.tokopedia.com/miscastco-763/miscast-boxy-vintage-work-jacket-vintage-bucky-corduroy-olive-fit-pria-jaket-winter-1731179112951481374?extParam=ivf%3Dfalse%26keyword%3Dwork+jacket%26search_id%3D2025091411251537BC2F75BF1BCF15FLTN%26src%3Dsearch,https://images.tokopedia.net/img/cache/200-square/aphluv/1997/1/1/c2aedccac1da432bb4755148bb68a015~.jpeg.webp?ect=4g,Miscast Boxy Vintage Work Jacket Vintage Bucky Corduroy Olive Fit Pria jaket winter,Rp291.500,Rp500.000,42%,500+ terjual,4.8,Miscastco_NEW,Tangerang
https://www.tokopedia.com/unionwellid/unionwell-work-jacket-zip-code-green-1729830980962322250?extParam=ivf%3Dfalse%26keyword%3Dwork+jacket%26search_id%3D2025091411251537BC2F75BF1BCF15FLTN%26src%3Dsearch,https://images.tokopedia.net/img/cache/200-square/hDjmkQ/2024/3/23/28857056-736f-4b23-b26a-6377a481dfed.jpg.webp?ect=4g,Unionwell Work Jacket Zip Code Green,Rp700.000,Rp795.000,12%,30+ terjual,5.0,Unionwell Official,Jakarta Selatan
https://www.tokopedia.com/b-street/backstreet-work-jaket-boxy-flowhex-unisex-jaket-hitam-1730818316735645258?extParam=ivf%3Dfalse%26keyword%3Dwork+jacket%26search_id%3D2025091411251537BC2F75BF1BCF15FLTN%26src%3Dsearch,https://images.tokopedia.net/img/cache/200-square/aphluv/1997/1/1/228e29757f8c40b7babee0c43465697f~.jpeg.webp?ect=4g,Backstreet - Work - Jaket - Boxy - Flowhex - Unisex - jaket hitam,Rp172.800,Rp360.000,52%,100+ terjual,4.7,B-street,Kab. Bogor
https://www.tokopedia.com/gosterindustries/goster-work-jacket-boxy-fit-michigan-black-brown-zipper-pria-jaket-1729601507659384654?extParam=ivf%3Dfalse%26keyword%3Dwork+jacket%26search_id%3D2025091411251537BC2F75BF1BCF15FLTN%26src%3Dsearch,https://images.tokopedia.net/img/cache/200-square/aphluv/1997/1/1/f46db2c234ee4e25acbde6e6fc382805~.jpeg.webp?ect=4g,Goster Work Jacket Boxy Fit - Michigan Black Brown Zipper Pria Jaket,Rp395.500,Rp480.000,18%,100+ terjual,5.0,goster.industries,Bandung
https://www.tokopedia.com/unionwellid/unionwell-work-jacket-zip-code-black-1729843136198313802?extParam=ivf%3Dfalse%26keyword%3Dwork+jacket%26search_id%3D2025091411251537BC2F75BF1BCF15FLTN%26src%3Dsearch,https://images.tokopedia.net/img/cache/200-square/hDjmkQ/2024/3/28/6040fc95-9a2c-4613-b629-1332277ae248.jpg.webp?ect=4g,Unionwell Work Jacket Zip Code Black,Rp725.000,Rp795.000,9%,60+ terjual,5.0,Unionwell Official,Jakarta Selatan
https://www.tokopedia.com/convergentnver-371/convergent-boxy-work-jacket-izarra-1729578937369593485?extParam=ivf%3Dfalse%26keyword%3Dwork+jacket%26search_id%3D2025091411251537BC2F75BF1BCF15FLTN%26src%3Dsearch,https://images.tokopedia.net/img/cache/200-square/aphluv/1997/1/1/170046f94ebd432abe16358ab82f48c7~.jpeg.webp?ect=4g,Convergent Boxy Work Jacket - Izarra,Rp239.000,Rp599.000,60%,5rb+ terjual,4.7,Convergent.nver,Kab. Bandung
https://www.tokopedia.com/skabd/work-jacket-kantor-zipper-unisex-katun-tebal-jaket-casual-1731546265828558296?extParam=ivf%3Dfalse%26keyword%3Dwork+jacket%26search_id%3D2025091411251537BC2F75BF1BCF15FLTN%26src%3Dsearch,https://images.tokopedia.net/img/cache/200-square/aphluv/1997/1/1/be1467005cd648f2bf2511d6b7da9404~.jpeg.webp?ect=4g,Work jacket kantor zipper Unisex Katun Tebal Jaket Casual,Rp102.900,Rp299.000,66%,90+ terjual,4.5,SKABD,Kab. Bogor
https://www.tokopedia.com/joobsd-official/joobsd-work-jaket-boxy-jaket-crop-senapati-unisex-coklat-tua-1729636046122813351?extParam=ivf%3Dfalse%26keyword%3Dwork+jacket%26search_id%3D2025091411251537BC2F75BF1BCF15FLTN%26src%3Dsearch,https://images.tokopedia.net/img/cache/200-square/aphluv/1997/1/1/f7fdf98d10ca4b92ad0914ec5070e299~.jpeg.webp?ect=4g,"Joobsd Work Jaket Boxy - Jaket Crop ""Senapati"" unisex - Coklat Tua",Rp165.000,Rp380.000,57%,750+ terjual,4.6,JOOBSD.CO,Kab. Bogor
https://www.tokopedia.com/vobiastudio/vobia-work-jacket-boxy-canvas-neutral-1731594429373974435?extParam=ivf%3Dfalse%26keyword%3Dwork+jacket%26search_id%3D2025091411251537BC2F75BF1BCF15FLTN%26src%3Dsearch,https://images.tokopedia.net/img/cache/200-square/o3syd0/1997/1/1/ce27aeafe5f54f128f5f6d746fb7c223~.jpeg.webp?ect=4g,Vobia Work Jacket Boxy Canvas - Neutral,Rp349.000,Rp599.000,42%,250+ terjual,4.9,vobia,Depok
https://www.tokopedia.com/hanoonindustries/hanoon-industries-work-jacket-corduroy-boxy-fit-navy-jacket-vintage-vender-1730636573756458181?extParam=ivf%3Dfalse%26keyword%3Dwork+jacket%26search_id%3D2025091411251537BC2F75BF1BCF15FLTN%26src%3Dsearch,https://images.tokopedia.net/img/cache/200-square/aphluv/1997/1/1/7f0eab4e99994fa4b3cd778de626a2c1~.jpeg.webp?ect=4g,Hanoon Industries – Work Jacket Corduroy Boxy Fit Navy Jacket Vintage Vender,Rp434.130,Rp499.000,13%,100+ terjual,4.8,Hanoon Industries,Kab. Garut
https://www.tokopedia.com/brainsgland/work-jaket-vivaldi-grey-brainsgland-1729942345229437909?extParam=ivf%3Dfalse%26keyword%3Dwork+jacket%26search_id%3D2025091411251537BC2F75BF1BCF15FLTN%26src%3Dsearch,https://images.tokopedia.net/img/cache/200-square/o3syd0/1997/1/1/ce8b4d35dfd940d0bf00bd5a6dd665d2~.jpeg.webp?ect=4g,Work Jaket | Vivaldi | Grey | Brainsgland,Rp149.000,Rp360.000,59%,250+ terjual,4.4,Brainsgland,Tangerang
https://www.tokopedia.com/vobiastudio/vobia-work-jacket-obsidian-suede-khaki-1731455123149718929?extParam=ivf%3Dfalse%26keyword%3Dwork+jacket%26search_id%3D2025091411251537BC2F75BF1BCF15FLTN%26src%3Dsearch,https://images.tokopedia.net/img/cache/200-square/o3syd0/1997/1/1/c380f52451014686895bcd1b9534dec4~.jpeg.webp?ect=4g,Vobia Work Jacket Obsidian Suede - Khaki,Rp259.000,Rp649.000,60%,16 terjual,4.8,vobia,Depok
https://www.tokopedia.com/convergentnver-371/convergent-boxy-work-jacket-gather-jaket-distro-pria-hitam-zipper-sablon-casual-1729622270429726349?extParam=ivf%3Dfalse%26keyword%3Dwork+jacket%26search_id%3D2025091411251537BC2F75BF1BCF15FLTN%26src%3Dsearch,https://images.tokopedia.net/img/cache/200-square/aphluv/1997/1/1/fb34bb6d83ab4ad4a4bce2eea03e83e4~.jpeg.webp?ect=4g,Convergent Boxy Work Jacket - Gather Jaket Distro Pria Hitam Zipper Sablon Casual,Rp239.000,Rp599.000,60%,500+ terjual,4.9,Convergent.nver,Kab. Bandung
https://www.tokopedia.com/pusatjacket/jaket-pria-boxy-suede-work-vintage-peremium-bomber-suede-1730942012328806396?extParam=ivf%3Dfalse%26keyword%3Dwork+jacket%26search_id%3D2025091411251537BC2F75BF1BCF15FLTN%26src%3Dsearch,https://images.tokopedia.net/img/cache/200-square/aphluv/1997/1/1/a8435644268d469e88a3a3c6e6dcb1be~.jpeg.webp?ect=4g,Jaket pria  boxy suede work vintage peremium bomber suede,Rp156.868,Rp196.085,20%,22 terjual,,Pusat.jacket,Kab. Garut
https://www.tokopedia.com/sensorofficial/work-jaket-sensor-pria-vintage-casual-premium-zipper-bahan-kanvas-ring-tebal-kerah-suede-orange-m-f094a?extParam=ivf%3Dfalse%26keyword%3Dwork+jacket%26search_id%3D2025091411251537BC2F75BF1BCF15FLTN%26src%3Dsearch,https://images.tokopedia.net/img/cache/200-square/VqbcmM/2024/7/4/73b8a434-5ddf-4574-a48d-dfc03c28aa46.jpg.webp?ect=4g,Work Jaket SENSOR Pria Vintage Casual Premium Zipper Bahan Kanvas Ring Tebal Kerah Suede,Rp180.000,Rp250.000,28%,23 terjual,4.8,sensorofficial,Bandung
https://www.tokopedia.com/unionwellid/unionwell-trucker-jacket-good-vibes-jkt-green-l-2ac5d?extParam=ivf%3Dfalse%26keyword%3Dwork+jacket%26search_id%3D2025091411251537BC2F75BF1BCF15FLTN%26src%3Dsearch,https://images.tokopedia.net/img/cache/200-square/hDjmkQ/2024/10/26/b9511d81-dbcc-4b10-9352-00a61d2f650c.jpg.webp?ect=4g,Unionwell Trucker Jacket Good Vibes Jkt Green,Rp765.000,Rp850.000,10%,26 terjual,5.0,Unionwell Official,Jakarta Selatan
https://www.tokopedia.com/vobiastudio/vobia-work-jacket-obsidian-suede-brown-1731455098341131665?extParam=ivf%3Dfalse%26keyword%3Dwork+jacket%26search_id%3D2025091411251537BC2F75BF1BCF15FLTN%26src%3Dsearch,https://images.tokopedia.net/img/cache/200-square/o3syd0/1997/1/1/eec109bfb3f24678ad0d337b050faaf8~.jpeg.webp?ect=4g,Vobia Work Jacket Obsidian Suede - Brown,Rp259.000,Rp649.000,60%,19 terjual,5.0,vobia,Depok
https://www.tokopedia.com/saico/sai-midsky-outer-overshirt-corduroy-work-jacket-boxy-corduroy-1731576614831097156?extParam=ivf%3Dfalse%26keyword%3Dwork+jacket%26search_id%3D2025091411251537BC2F75BF1BCF15FLTN%26src%3Dsearch,https://images.tokopedia.net/img/cache/200-square/aphluv/1997/1/1/7315068a1d8f4437bcc29b4a6bd2c844~.jpeg.webp?ect=4g,Sai - Midsky Outer Overshirt Corduroy Work Jacket Boxy Corduroy,Rp161.000,Rp550.000,71%,30+ terjual,5.0,SAI.CO,Kab. Bogor
https://www.tokopedia.com/hanoonindustries/hanoon-industries-work-jacket-boxy-fit-biru-navy-fuelo-lions-1729607094457566405?extParam=ivf%3Dtrue%26keyword%3Dwork+jacket%26search_id%3D2025091411251537BC2F75BF1BCF15FLTN%26src%3Dsearch,https://images.tokopedia.net/img/cache/200-square/aphluv/1997/1/1/868c83fa4625439a9aade018e43c6b8c~.jpeg.webp?ect=4g,Hanoon Industries – Work Jacket Boxy Fit Biru Navy Fuelo Lions,Rp431.100,Rp479.000,10%,250+ terjual,4.9,Hanoon Industries,Kab. Garut
https://www.tokopedia.com/hanoonindustries/hanoon-industries-work-jacket-corduroy-boxy-fit-cream-jacket-vintage-jovana-1730872888883381445?extParam=ivf%3Dfalse%26keyword%3Dwork+jacket%26search_id%3D2025091411251537BC2F75BF1BCF15FLTN%26src%3Dsearch,https://images.tokopedia.net/img/cache/200-square/o3syd0/1997/1/1/2fd022f84d444cf9ac61ca8be221be71~.jpeg.webp?ect=4g,Hanoon Industries – Work Jacket Corduroy Boxy Fit Cream Jacket Vintage Jovana,Rp434.130,Rp499.000,13%,30+ terjual,5.0,Hanoon Industries,Kab. Garut
https://www.tokopedia.com/backheelsofficial/backheels-work-jacket-boxy-basic-jaket-boxy-unisex-1730308065286456603?extParam=ivf%3Dfalse%26keyword%3Dwork+jacket%26search_id%3D2025091411251537BC2F75BF1BCF15FLTN%26src%3Dsearch,https://images.tokopedia.net/img/cache/200-square/aphluv/1997/1/1/a0bd4acb784c4987922ba5037ce2bc94~.jpeg.webp?ect=4g,Backheels - Work Jacket Boxy - Basic - Jaket Boxy Unisex,Rp175.000,Rp350.000,50%,1rb+ terjual,4.8,BackheelsOfficial,Kab. Bogor
https://www.tokopedia.com/bitsnbobs76/bitsnbobs76-work-jacket-forza-black-workjacket-hitam-1730089016016144150?extParam=ivf%3Dfalse%26keyword%3Dwork+jacket%26search_id%3D2025091411251537BC2F75BF1BCF15FLTN%26src%3Dsearch,https://images.tokopedia.net/img/cache/200-square/aphluv/1997/1/1/20e2ba97895a494398539e8d5020cd1d~.jpeg.webp?ect=4g,Bitsnbobs76 Work Jacket Forza Black WorkJacket Hitam,Rp229.000,Rp450.000,49%,5rb+ terjual,4.9,Bitsnbobs76,Bandung
https://www.tokopedia.com/wadarkum-131/wadarkum-work-jacket-pria-clean-look-minimalis-stylish-1731682793087862167?extParam=ivf%3Dfalse%26keyword%3Dwork+jacket%26search_id%3D2025091411251537BC2F75BF1BCF15FLTN%26src%3Dsearch,https://images.tokopedia.net/img/cache/200-square/aphluv/1997/1/1/7f7ac8d245874a2199b19060915e6748~.jpeg.webp?ect=4g,Wadarkum Work Jacket Pria – Clean Look Minimalis & Stylish,Rp213.500,Rp305.000,30%,4 terjual,5.0,Wadarkum,Bandung
https://www.tokopedia.com/wadarkum-131/wadarkum-clean-work-jacket-1731682789657380247?extParam=ivf%3Dfalse%26keyword%3Dwork+jacket%26search_id%3D2025091411251537BC2F75BF1BCF15FLTN%26src%3Dsearch,https://images.tokopedia.net/img/cache/200-square/aphluv/1997/1/1/b50b240873734e9bb4c72a4bd5d36ae3~.jpeg.webp?ect=4g,Wadarkum Clean Work Jacket,Rp213.500,Rp305.000,30%,8 terjual,,Wadarkum,Bandung
https://www.tokopedia.com/brainsgland/work-jaket-unbrokeen-gray-brainsgland-1732150657131317205?extParam=ivf%3Dfalse%26keyword%3Dwork+jacket%26search_id%3D2025091411251537BC2F75BF1BCF15FLTN%26src%3Dsearch,https://images.tokopedia.net/img/cache/200-square/aphluv/1997/1/1/fcb6f7942c9c4d87a8d35f6d624928b5~.jpeg.webp?ect=4g,Work Jaket | Unbrokeen | Gray | Brainsgland,Rp149.000,Rp250.000,40%,7 terjual,5.0,Brainsgland,Tangerang
https://www.tokopedia.com/saico/sai-combine-work-jacket-boxy-canvas-outer-shirt-1731436910385333572?extParam=ivf%3Dfalse%26keyword%3Dwork+jacket%26search_id%3D2025091411251537BC2F75BF1BCF15FLTN%26src%3Dsearch,https://images.tokopedia.net/img/cache/200-square/aphluv/1997/1/1/c401ad5e74b34d48842060f3e8c08904~.jpeg.webp?ect=4g,Sai - Combine Work Jacket Boxy Canvas Outer Shirt,Rp188.000,Rp580.000,68%,20 terjual,3.7,SAI.CO,Kab. Bogor
https://www.tokopedia.com/grivincloth/grivin-work-jacket-minority-jaket-hitam-casual-bordir-pria-zipper-basic-unisex-1731330077777691780?extParam=ivf%3Dfalse%26keyword%3Dwork+jacket%26search_id%3D2025091411251537BC2F75BF1BCF15FLTN%26src%3Dsearch,https://images.tokopedia.net/img/cache/200-square/aphluv/1997/1/1/12fa8b3200d44f0e9ce9b597ac1fe1a4~.jpeg.webp?ect=4g,Grivin Work Jacket Minority Jaket Hitam Casual Bordir Pria Zipper Basic Unisex,Rp199.000,Rp450.000,56%,250+ terjual,4.8,Grivincloth,Kab. Bogor
https://www.tokopedia.com/evlsprtco/evilspirit-work-jacket-liora-red-unisex-1730940436142392698?extParam=ivf%3Dfalse%26keyword%3Dwork+jacket%26search_id%3D2025091411251537BC2F75BF1BCF15FLTN%26src%3Dsearch,https://images.tokopedia.net/img/cache/200-square/o3syd0/1997/1/1/bfb8d56a38c64cd5b48d15e6446d5770~.jpeg.webp?ect=4g,EVILSPIRIT WORK JACKET - LIORA RED UNISEX,Rp435.000,Rp499.000,13%,100+ terjual,4.8,EVILSPIRITCO,Tangerang
https://www.tokopedia.com/notcryco/notcry-workjacket-boxy-realize-1729619521460995835?extParam=ivf%3Dfalse%26keyword%3Dwork+jacket%26search_id%3D2025091411251537BC2F75BF1BCF15FLTN%26src%3Dsearch,https://images.tokopedia.net/img/cache/200-square/aphluv/1997/1/1/31b760109f7648da80c95ad670f457a9~.jpeg.webp?ect=4g,NOTCRY WORKJACKET BOXY REALIZE,Rp219.000,Rp450.000,51%,10rb+ terjual,4.8,Notcry.co,Bandung
https://www.tokopedia.com/eiger-adventure-store-official/eiger-bogota-work-jacket-shirt-brown-m?extParam=ivf%3Dfalse%26keyword%3Dwork+jacket%26search_id%3D2025091411251537BC2F75BF1BCF15FLTN%26src%3Dsearch,https://images.tokopedia.net/img/cache/200-square/VqbcmM/2021/8/27/98b50e61-8e7b-4531-b372-f658d4d71807.jpg.webp?ect=4g,EIGER BOGOTA WORK JACKET SHIRT,Rp454.300,Rp649.000,30%,100+ terjual,5.0,Eiger Adventure Store Official,Depok
https://www.tokopedia.com/vobiastudio/vobia-work-jacket-boxy-canvas-aztec-black-1731067445152679843?extParam=ivf%3Dfalse%26keyword%3Dwork+jacket%26search_id%3D2025091411251537BC2F75BF1BCF15FLTN%26src%3Dsearch,https://images.tokopedia.net/img/cache/200-square/o3syd0/1997/1/1/7de8ce26dfaa498da53dd5c65c40319a~.jpeg.webp?ect=4g,Vobia Work Jacket Boxy Canvas - Aztec Black,Rp349.000,Rp599.000,42%,250+ terjual,4.8,vobia,Depok
https://www.tokopedia.com/so-akuira/work-shirt-jacket-boxy-fullcount-boxy-fit-jaket-casual-1731445581977060675?extParam=ivf%3Dfalse%26keyword%3Dwork+jacket%26search_id%3D2025091411251537BC2F75BF1BCF15FLTN%26src%3Dsearch,https://images.tokopedia.net/img/cache/200-square/aphluv/1997/1/1/44645477ac9f43c7adb31795033f2a7c~.jpeg.webp?ect=4g,work shirt jacket boxy FULLCOUNT boxy fit Jaket Casual,Rp125.000,Rp150.000,17%,15 terjual,5.0,so akuira,Kab. Bogor
https://www.tokopedia.com/engineerworkwear/engineer-workwear-denver-boxy-workjacket-black-jacket-casual-jacket-lapangan-m-d6298?extParam=ivf%3Dfalse%26keyword%3Dwork+jacket%26search_id%3D2025091411251537BC2F75BF1BCF15FLTN%26src%3Dsearch,https://images.tokopedia.net/img/cache/200-square/aphluv/1997/1/1/30429898aefa4ad489bb337e3cb70f25~.jpeg.webp?ect=4g,Engineer Workwear - Denver Boxy Workjacket Black - Jacket Casual/Jacket Lapangan,Rp470.250,Rp495.000,5%,40+ terjual,5.0,ENGINEER WORKWEAR,Bandung
https://www.tokopedia.com/hanoonindustries/hanoon-industries-work-jacket-boxy-fit-hitam-black-fuelo-lyon-1729607081448801477?extParam=ivf%3Dtrue%26keyword%3Dwork+jacket%26search_id%3D2025091411251537BC2F75BF1BCF15FLTN%26src%3Dsearch,https://images.tokopedia.net/img/cache/200-square/aphluv/1997/1/1/48f72a579c924e7f821b05231a8ae863~.jpeg.webp?ect=4g,Hanoon Industries – Work Jacket Boxy Fit Hitam Black Fuelo Lyon,Rp431.100,Rp479.000,10%,250+ terjual,4.9,Hanoon Industries,Kab. Garut
https://www.tokopedia.com/steigen/steigen-work-jacket-trucker-basic-black-1729776732650243090?extParam=ivf%3Dfalse%26keyword%3Dwork+jacket%26search_id%3D2025091411251537BC2F75BF1BCF15FLTN%26src%3Dsearch,https://lf-web-assets.tokopedia-static.net/obj/tokopedia-web-sg/zeus_v2/85cc883d.svg,Steigen - Work Jacket Trucker Basic Black,Rp299.000,Rp450.000,34%,2 terjual,,Steigen,Bandung
https://www.tokopedia.com/queenbeer/queenbeer-canvas-work-jacket-nicole-green-1729971563561191071?extParam=ivf%3Dfalse%26keyword%3Dwork+jacket%26search_id%3D2025091411251537BC2F75BF1BCF15FLTN%26src%3Dsearch,https://lf-web-assets.tokopedia-static.net/obj/tokopedia-web-sg/zeus_v2/85cc883d.svg,Queenbeer - Canvas Work Jacket Nicole Green,Rp309.000,Rp449.000,31%,24 terjual,4.9,QUEENBEER Official Shop,Bekasi
https://www.tokopedia.com/saico/sai-varials-work-jacket-boxy-canvas-outer-shirt-1731436884921713988?extParam=ivf%3Dfalse%26keyword%3Dwork+jacket%26search_id%3D2025091411251537BC2F75BF1BCF15FLTN%26src%3Dsearch,https://lf-web-assets.tokopedia-static.net/obj/tokopedia-web-sg/zeus_v2/85cc883d.svg,Sai - Varials Work Jacket Boxy Canvas Outer Shirt,Rp188.000,Rp580.000,68%,14 terjual,5.0,SAI.CO,Kab. Bogor
https://www.tokopedia.com/queenbeer-758/queenbeer-work-jacket-mark-black-1729733572624287221?extParam=ivf%3Dfalse%26keyword%3Dwork+jacket%26search_id%3D2025091411251537BC2F75BF1BCF15FLTN%26src%3Dsearch,https://lf-web-assets.tokopedia-static.net/obj/tokopedia-web-sg/zeus_v2/85cc883d.svg,Queenbeer - Work Jacket Mark Black,Rp329.000,Rp470.000,30%,100+ terjual,4.6,QueenBeer,Bekasi
https://www.tokopedia.com/dobujack/dobujack-work-jacket-olney-series-1729797345121568649?extParam=ivf%3Dfalse%26keyword%3Dwork+jacket%26search_id%3D2025091411251537BC2F75BF1BCF15FLTN%26src%3Dsearch,https://lf-web-assets.tokopedia-static.net/obj/tokopedia-web-sg/zeus_v2/85cc883d.svg,Dobujack Work Jacket Olney Series,Rp225.000,Rp650.000,65%,100+ terjual,4.9,Dobujack,Bandung
https://www.tokopedia.com/harringtonjacketos/polo-ralph-lauren-rework-style-harrington-work-jacket-corduroy-collar-black-ll-1plcrdrwkrjkt-1731830266767049916?extParam=ivf%3Dfalse%26keyword%3Dwork+jacket%26search_id%3D2025091411251537BC2F75BF1BCF15FLTN%26src%3Dsearch,https://lf-web-assets.tokopedia-static.net/obj/tokopedia-web-sg/zeus_v2/85cc883d.svg,Polo Ralph Lauren Rework Style Harrington/Work Jacket Corduroy Collar Black LL 1PLCRDRWKRJKT,Rp500.000,Rp1.000.000,50%,,,HOFFS,Depok
https://www.tokopedia.com/hanoonindustries/hanoon-industries-work-jacket-boxy-fit-black-jaket-vintage-hitam-larco-labor-1729606994660066501?extParam=ivf%3Dtrue%26keyword%3Dwork+jacket%26search_id%3D2025091411251537BC2F75BF1BCF15FLTN%26src%3Dsearch,https://lf-web-assets.tokopedia-static.net/obj/tokopedia-web-sg/zeus_v2/85cc883d.svg,Hanoon Industries – Work Jacket Boxy Fit Black Jaket Vintage Hitam Larco Labor,Rp431.100,Rp479.000,10%,250+ terjual,4.9,Hanoon Industries,Kab. Garut
https://www.tokopedia.com/nookly/nookly-work-jacket-chester-black-shacket-jaket-pria-s?extParam=ivf%3Dtrue%26keyword%3Dwork+jacket%26search_id%3D2025091411251537BC2F75BF1BCF15FLTN%26src%3Dsearch,https://lf-web-assets.tokopedia-static.net/obj/tokopedia-web-sg/zeus_v2/85cc883d.svg,Nookly - Work Jacket Chester Black Shacket Jaket Pria,Rp285.000,Rp399.000,29%,30+ terjual,4.6,Nookly,Bandung
https://www.tokopedia.com/saico/sai-crown-work-jackets-denim-boxy-trucker-jacket-denim-1730941946776356164?extParam=ivf%3Dfalse%26keyword%3Dwork+jacket%26search_id%3D2025091411251537BC2F75BF1BCF15FLTN%26src%3Dsearch,https://lf-web-assets.tokopedia-static.net/obj/tokopedia-web-sg/zeus_v2/85cc883d.svg,Sai - Crown Work Jackets Denim Boxy Trucker Jacket Denim,Rp178.000,Rp580.000,69%,80+ terjual,4.5,SAI.CO,Kab. Bogor
https://www.tokopedia.com/unionwellid/unionwell-work-jacket-burt-army-s-bf24b?extParam=ivf%3Dfalse%26keyword%3Dwork+jacket%26search_id%3D2025091411251537BC2F75BF1BCF15FLTN%26src%3Dsearch,https://lf-web-assets.tokopedia-static.net/obj/tokopedia-web-sg/zeus_v2/85cc883d.svg,Unionwell Work Jacket Burt Army,Rp855.000,Rp950.000,10%,6 terjual,4.8,Unionwell Official,Jakarta Selatan
https://www.tokopedia.com/evlsprtco/evilspirit-work-jacket-katrine-stripped-1731383489916011898?extParam=ivf%3Dfalse%26keyword%3Dwork+jacket%26search_id%3D2025091411251537BC2F75BF1BCF15FLTN%26src%3Dsearch,https://lf-web-assets.tokopedia-static.net/obj/tokopedia-web-sg/zeus_v2/85cc883d.svg,EVILSPIRIT WORK JACKET -  KATRINE STRIPPED,Rp435.000,Rp599.000,27%,8 terjual,5.0,EVILSPIRITCO,Tangerang
https://www.tokopedia.com/hanoonindustries/hanoon-industries-work-jacket-boxy-fit-hitam-black-alliance-patch-1729606994699584709?extParam=ivf%3Dtrue%26keyword%3Dwork+jacket%26search_id%3D2025091411251537BC2F75BF1BCF15FLTN%26src%3Dsearch,https://lf-web-assets.tokopedia-static.net/obj/tokopedia-web-sg/zeus_v2/85cc883d.svg,Hanoon Industries – Work Jacket Boxy Fit Hitam Black Alliance Patch,Rp431.100,Rp479.000,10%,250+ terjual,4.9,Hanoon Industries,Kab. Garut
https://www.tokopedia.com/notcryco/notcry-workjacket-boxy-cupid-1730398553802835707?extParam=ivf%3Dfalse%26keyword%3Dwork+jacket%26search_id%3D2025091411251537BC2F75BF1BCF15FLTN%26src%3Dsearch,https://lf-web-assets.tokopedia-static.net/obj/tokopedia-web-sg/zeus_v2/85cc883d.svg,NOTCRY WORKJACKET BOXY | CUPID |,Rp229.000,Rp650.000,65%,750+ terjual,4.7,Notcry.co,Bandung
https://www.tokopedia.com/harringtonjacketos/polo-ralph-lauren-corduroy-harrington-jacket-black-m-1plrlphcrdtyl-1731184334880868187?extParam=ivf%3Dfalse%26keyword%3Dwork+jacket%26search_id%3D2025091411251537BC2F75BF1BCF15FLTN%26src%3Dsearch,https://lf-web-assets.tokopedia-static.net/obj/tokopedia-web-sg/zeus_v2/85cc883d.svg,Polo Ralph Lauren Corduroy Harrington Jacket Black M 1PLRLPHCRDTYL,Rp1.800.000,Rp2.000.000,10%,,,HOFFS,Depok
https://www.tokopedia.com/weister/weister-work-jacket-boxy-hitam-yourself-m-04ae4?extParam=ivf%3Dfalse%26keyword%3Dwork+jacket%26search_id%3D2025091411251537BC2F75BF1BCF15FLTN%26src%3Dsearch,https://lf-web-assets.tokopedia-static.net/obj/tokopedia-web-sg/zeus_v2/85cc883d.svg,Weister Work Jacket Boxy Hitam - Yourself Jaket Tebal,Rp198.000,Rp400.000,51%,1rb+ terjual,4.9,Weister,Depok
https://www.tokopedia.com/hanoonindustries/hanoon-industries-work-jacket-corduroy-boxy-fit-black-jacket-vintage-shade-1731012427688084677?extParam=ivf%3Dfalse%26keyword%3Dwork+jacket%26search_id%3D2025091411251537BC2F75BF1BCF15FLTN%26src%3Dsearch,https://lf-web-assets.tokopedia-static.net/obj/tokopedia-web-sg/zeus_v2/85cc883d.svg,Hanoon Industries – Work Jacket Corduroy Boxy Fit Black Jacket Vintage Shade,Rp434.130,Rp499.000,13%,100+ terjual,4.9,Hanoon Industries,Kab. Garut
https://www.tokopedia.com/hammerstout/hammerstout-navajo-work-jacket-1729691316193167917?extParam=ivf%3Dfalse%26keyword%3Dwork+jacket%26search_id%3D2025091411251537BC2F75BF1BCF15FLTN%26src%3Dsearch,https://lf-web-assets.tokopedia-static.net/obj/tokopedia-web-sg/zeus_v2/85cc883d.svg,Hammerstout - Navajo - Work Jacket,Rp282.800,Rp499.000,43%,100+ terjual,4.8,HAMMERSTOUT,Bandung
https://www.tokopedia.com/saico/sai-necromancer-work-jacket-corduroy-boxy-fit-jaket-1730315300308288836?extParam=ivf%3Dfalse%26keyword%3Dwork+jacket%26search_id%3D2025091411251537BC2F75BF1BCF15FLTN%26src%3Dsearch,https://lf-web-assets.tokopedia-static.net/obj/tokopedia-web-sg/zeus_v2/85cc883d.svg,Sai - Necromancer Work Jacket Corduroy Boxy Fit Jaket,Rp288.000,Rp650.000,56%,100+ terjual,5.0,SAI.CO,Kab. Bogor
https://www.tokopedia.com/engineerworkwear/freight-series-workjacket-casual-pria-1731462605117818097?extParam=ivf%3Dfalse%26keyword%3Dwork+jacket%26search_id%3D2025091411251537BC2F75BF1BCF15FLTN%26src%3Dsearch,https://lf-web-assets.tokopedia-static.net/obj/tokopedia-web-sg/zeus_v2/85cc883d.svg,FREIGHT SERIES - Workjacket Casual Pria,Rp519.750,Rp525.000,1%,500+ terjual,4.9,ENGINEER WORKWEAR,Bandung
https://www.tokopedia.com/vearstofficial/vearst-work-jacket-grotter-black-1732020164153804267?extParam=ivf%3Dfalse%26keyword%3Dwork+jacket%26search_id%3D2025091411251537BC2F75BF1BCF15FLTN%26src%3Dsearch,https://lf-web-assets.tokopedia-static.net/obj/tokopedia-web-sg/zeus_v2/85cc883d.svg,Vearst Work Jacket Grotter Black,Rp257.400,Rp429.000,40%,13 terjual,,Vearst Shop,Bandung
https://www.tokopedia.com/bitsnbobs76/bitsnbobs76-work-jacket-dezi-brown-workjacket-1730088616312276758?extParam=ivf%3Dfalse%26keyword%3Dwork+jacket%26search_id%3D2025091411251537BC2F75BF1BCF15FLTN%26src%3Dsearch,https://lf-web-assets.tokopedia-static.net/obj/tokopedia-web-sg/zeus_v2/85cc883d.svg,Bitsnbobs76 Work Jacket Dezi Brown Workjacket,Rp229.000,Rp450.000,49%,100+ terjual,4.8,Bitsnbobs76,Bandung
https://www.tokopedia.com/eternalworks/eternalworks-hunter-black-work-jacket-work-jaket-jaket-bomber-1730350318267696522?extParam=ivf%3Dfalse%26keyword%3Dwork+jacket%26search_id%3D2025091411251537BC2F75BF1BCF15FLTN%26src%3Dsearch,https://lf-web-assets.tokopedia-static.net/obj/tokopedia-web-sg/zeus_v2/85cc883d.svg,ETERNALWORKS HUNTER BLACK WORK JACKET - WORK JAKET - JAKET BOMBER,Rp299.400,Rp499.000,40%,16 terjual,5.0,Eternalworks,Kab. Bandung
https://www.tokopedia.com/shiningbright/shining-bright-home-work-jacket-black-hitam-1731030343107118983?extParam=ivf%3Dfalse%26keyword%3Dwork+jacket%26search_id%3D2025091411251537BC2F75BF1BCF15FLTN%26src%3Dsearch,https://lf-web-assets.tokopedia-static.net/obj/tokopedia-web-sg/zeus_v2/85cc883d.svg,Shining Bright Home Work Jacket - Black - Hitam,Rp209.878,Rp450.000,53%,40+ terjual,4.8,SHINING BRIGHT_NEW,Depok
https://www.tokopedia.com/vibesapparel/vibes-apparel-basic-boxy-work-jaket-work-jacket-boxy-1732307914651043501?extParam=ivf%3Dfalse%26keyword%3Dwork+jacket%26search_id%3D2025091411251537BC2F75BF1BCF15FLTN%26src%3Dsearch,https://lf-web-assets.tokopedia-static.net/obj/tokopedia-web-sg/zeus_v2/85cc883d.svg,VIBES APPAREL | Basic Boxy Work Jaket | Work Jacket Boxy,Rp219.000,Rp480.000,54%,,,Vibes Apparel,Tangerang
https://www.tokopedia.com/b-street/backstreet-work-jaket-boxy-polos-black-unisex-jacket-kerja-1730801843320096330?extParam=ivf%3Dfalse%26keyword%3Dwork+jacket%26search_id%3D2025091411251537BC2F75BF1BCF15FLTN%26src%3Dsearch,https://lf-web-assets.tokopedia-static.net/obj/tokopedia-web-sg/zeus_v2/85cc883d.svg,Backstreet - Work - Jaket - Boxy - Polos - Black Unisex - Jacket - Kerja,Rp162.000,Rp360.000,55%,80+ terjual,4.6,B-street,Kab. Bogor
https://www.tokopedia.com/insrgt-club/insurgent-club-work-jacket-a-p-d-p-black-1730246205076506314?extParam=ivf%3Dfalse%26keyword%3Dwork+jacket%26search_id%3D2025091411251537BC2F75BF1BCF15FLTN%26src%3Dsearch,https://lf-web-assets.tokopedia-static.net/obj/tokopedia-web-sg/zeus_v2/85cc883d.svg,Insurgent Club - Work Jacket A.P.D.P Black,Rp489.708,Rp549.000,11%,80+ terjual,5.0,INSRGT CLUB,Bandung
https://www.tokopedia.com/insrgt-club/insurgent-club-utility-jacket-black-1730697981261612746?extParam=ivf%3Dfalse%26keyword%3Dwork+jacket%26search_id%3D2025091411251537BC2F75BF1BCF15FLTN%26src%3Dsearch,https://lf-web-assets.tokopedia-static.net/obj/tokopedia-web-sg/zeus_v2/85cc883d.svg,Insurgent Club - Utility Jacket Black,Rp489.708,Rp549.000,11%,60+ terjual,4.9,INSRGT CLUB,Bandung
https://www.tokopedia.com/gosterindustries/goster-work-jacket-boxy-fit-corduroy-vermont-olive-1729733319400720206?extParam=ivf%3Dfalse%26keyword%3Dwork+jacket%26search_id%3D2025091411251537BC2F75BF1BCF15FLTN%26src%3Dsearch,https://lf-web-assets.tokopedia-static.net/obj/tokopedia-web-sg/zeus_v2/85cc883d.svg,Goster Work Jacket Boxy Fit Corduroy - Vermont Olive,Rp460.000,Rp800.000,43%,60+ terjual,5.0,goster.industries,Bandung
https://www.tokopedia.com/saico/sai-midsky-outer-overshirt-corduroy-work-jacket-boxy-corduroy-1731576599557539140?extParam=ivf%3Dfalse%26keyword%3Dwork+jacket%26search_id%3D2025091411251537BC2F75BF1BCF15FLTN%26src%3Dsearch,https://lf-web-assets.tokopedia-static.net/obj/tokopedia-web-sg/zeus_v2/85cc883d.svg,Sai - Midsky Outer Overshirt Corduroy Work Jacket Boxy Corduroy,Rp161.000,Rp550.000,71%,11 terjual,5.0,SAI.CO,Kab. Bogor
https://www.tokopedia.com/vearstofficial/vearst-work-jacket-grotter-olive-1731934582800090603?extParam=ivf%3Dfalse%26keyword%3Dwork+jacket%26search_id%3D2025091411251537BC2F75BF1BCF15FLTN%26src%3Dsearch,https://lf-web-assets.tokopedia-static.net/obj/tokopedia-web-sg/zeus_v2/85cc883d.svg,Vearst Work Jacket Grotter Olive,Rp257.400,Rp429.000,40%,12 terjual,5.0,Vearst Shop,Bandung
https://www.tokopedia.com/gosterindustries/goster-work-jacket-boxy-fit-corduroy-vermont-navy-1729733316101375822?extParam=ivf%3Dfalse%26keyword%3Dwork+jacket%26search_id%3D2025091411251537BC2F75BF1BCF15FLTN%26src%3Dsearch,https://lf-web-assets.tokopedia-static.net/obj/tokopedia-web-sg/zeus_v2/85cc883d.svg,Goster Work Jacket Boxy Fit Corduroy - Vermont Navy,Rp460.000,Rp800.000,43%,100+ terjual,4.9,goster.industries,Bandung
https://www.tokopedia.com/engineerworkwear/engineer-workwear-spectrum-electrical-work-jacket-engr-dept-series-black-regular-fit-black-workjacket-teknik-workjacket-casual-jacket-lapangan-jacket-motor-1729915045116085489?extParam=ivf%3Dfalse%26keyword%3Dwork+jacket%26search_id%3D2025091411251537BC2F75BF1BCF15FLTN%26src%3Dsearch,https://lf-web-assets.tokopedia-static.net/obj/tokopedia-web-sg/zeus_v2/85cc883d.svg,Engineer Workwear – Spectrum/ Electrical Work Jacket Engr Dept Series/Black Regular Fit Black/Workjacket Teknik/Workjacket casual/Jacket Lapangan/Jacket Motor,Rp519.750,Rp525.000,1%,80+ terjual,4.8,ENGINEER WORKWEAR,Bandung
https://www.tokopedia.com/shiningbright/shining-bright-home-work-jacket-khaki-1731182323009947527?extParam=ivf%3Dfalse%26keyword%3Dwork+jacket%26search_id%3D2025091411251537BC2F75BF1BCF15FLTN%26src%3Dsearch,https://lf-web-assets.tokopedia-static.net/obj/tokopedia-web-sg/zeus_v2/85cc883d.svg,Shining Bright Home Work Jacket - Khaki,Rp209.878,Rp550.000,62%,16 terjual,5.0,SHINING BRIGHT_NEW,Depok
https://www.tokopedia.com/keepfsstore/keepfs-id-work-jacket-black-lite-1732108975134770940?extParam=ivf%3Dfalse%26keyword%3Dwork+jacket%26search_id%3D2025091411251537BC2F75BF1BCF15FLTN%26src%3Dsearch,https://lf-web-assets.tokopedia-static.net/obj/tokopedia-web-sg/zeus_v2/85cc883d.svg,keepfs.id | work jacket black | lite,Rp305.000,Rp610.000,50%,4 terjual,5.0,Keepfs.store,Kab. Bandung
https://www.tokopedia.com/steigen/steigen-work-jacket-trucker-basic-black-1729776732650243090?extParam=ivf%3Dfalse%26keyword%3Dwork+jacket%26search_id%3D2025091411251537BC2F75BF1BCF15FLTN%26src%3Dsearch,https://images.tokopedia.net/img/cache/200-square/aphluv/1997/1/1/cd9744cdf1264f34a01c4ad1fc6777cb~.jpeg.webp?ect=4g,Steigen - Work Jacket Trucker Basic Black,Rp299.000,Rp450.000,34%,2 terjual,,Steigen,Bandung
https://www.tokopedia.com/queenbeer/queenbeer-canvas-work-jacket-nicole-green-1729971563561191071?extParam=ivf%3Dfalse%26keyword%3Dwork+jacket%26search_id%3D2025091411251537BC2F75BF1BCF15FLTN%26src%3Dsearch,https://images.tokopedia.net/img/cache/200-square/hDjmkQ/2025/3/28/193d88dd-f9a6-4e1b-acfc-3abb3252e0d4.jpg.webp?ect=4g,Queenbeer - Canvas Work Jacket Nicole Green,Rp309.000,Rp449.000,31%,24 terjual,4.9,QUEENBEER Official Shop,Bekasi
https://www.tokopedia.com/saico/sai-varials-work-jacket-boxy-canvas-outer-shirt-1731436884921713988?extParam=ivf%3Dfalse%26keyword%3Dwork+jacket%26search_id%3D2025091411251537BC2F75BF1BCF15FLTN%26src%3Dsearch,https://images.tokopedia.net/img/cache/200-square/aphluv/1997/1/1/86ba5f67393142f5bd8022ec45ae1451~.jpeg.webp?ect=4g,Sai - Varials Work Jacket Boxy Canvas Outer Shirt,Rp188.000,Rp580.000,68%,14 terjual,5.0,SAI.CO,Kab. Bogor
https://www.tokopedia.com/queenbeer-758/queenbeer-work-jacket-mark-black-1729733572624287221?extParam=ivf%3Dfalse%26keyword%3Dwork+jacket%26search_id%3D2025091411251537BC2F75BF1BCF15FLTN%26src%3Dsearch,https://images.tokopedia.net/img/cache/200-square/aphluv/1997/1/1/6adf1884c924464e917b2ba0de011cba~.jpeg.webp?ect=4g,Queenbeer - Work Jacket Mark Black,Rp329.000,Rp470.000,30%,100+ terjual,4.6,QueenBeer,Bekasi
https://www.tokopedia.com/dobujack/dobujack-work-jacket-olney-series-1729797345121568649?extParam=ivf%3Dfalse%26keyword%3Dwork+jacket%26search_id%3D2025091411251537BC2F75BF1BCF15FLTN%26src%3Dsearch,https://images.tokopedia.net/img/cache/200-square/aphluv/1997/1/1/284bcf2030004940aee135f8cc9ca5df~.jpeg.webp?ect=4g,Dobujack Work Jacket Olney Series,Rp225.000,Rp650.000,65%,100+ terjual,4.9,Dobujack,Bandung
https://www.tokopedia.com/harringtonjacketos/polo-ralph-lauren-rework-style-harrington-work-jacket-corduroy-collar-black-ll-1plcrdrwkrjkt-1731830266767049916?extParam=ivf%3Dfalse%26keyword%3Dwork+jacket%26search_id%3D2025091411251537BC2F75BF1BCF15FLTN%26src%3Dsearch,https://images.tokopedia.net/img/cache/200-square/aphluv/1997/1/1/facebb710fa7436cbe2a23df4dccee39~.jpeg.webp?ect=4g,Polo Ralph Lauren Rework Style Harrington/Work Jacket Corduroy Collar Black LL 1PLCRDRWKRJKT,Rp500.000,Rp1.000.000,50%,,,HOFFS,Depok
https://www.tokopedia.com/hanoonindustries/hanoon-industries-work-jacket-boxy-fit-black-jaket-vintage-hitam-larco-labor-1729606994660066501?extParam=ivf%3Dtrue%26keyword%3Dwork+jacket%26search_id%3D2025091411251537BC2F75BF1BCF15FLTN%26src%3Dsearch,https://images.tokopedia.net/img/cache/200-square/aphluv/1997/1/1/ef34792f6ea848508d2a960acbec5cc6~.jpeg.webp?ect=4g,Hanoon Industries – Work Jacket Boxy Fit Black Jaket Vintage Hitam Larco Labor,Rp431.100,Rp479.000,10%,250+ terjual,4.9,Hanoon Industries,Kab. Garut
https://www.tokopedia.com/nookly/nookly-work-jacket-chester-black-shacket-jaket-pria-s?extParam=ivf%3Dtrue%26keyword%3Dwork+jacket%26search_id%3D2025091411251537BC2F75BF1BCF15FLTN%26src%3Dsearch,https://images.tokopedia.net/img/cache/200-square/VqbcmM/2024/2/22/002485b9-ff16-4b7e-a534-6bb5a8088ce8.jpg.webp?ect=4g,Nookly - Work Jacket Chester Black Shacket Jaket Pria,Rp285.000,Rp399.000,29%,30+ terjual,4.6,Nookly,Bandung
https://www.tokopedia.com/saico/sai-crown-work-jackets-denim-boxy-trucker-jacket-denim-1730941946776356164?extParam=ivf%3Dfalse%26keyword%3Dwork+jacket%26search_id%3D2025091411251537BC2F75BF1BCF15FLTN%26src%3Dsearch,https://images.tokopedia.net/img/cache/200-square/aphluv/1997/1/1/f655a29a12ce40aea020c4261fca3038~.jpeg.webp?ect=4g,Sai - Crown Work Jackets Denim Boxy Trucker Jacket Denim,Rp178.000,Rp580.000,69%,80+ terjual,4.5,SAI.CO,Kab. Bogor
https://www.tokopedia.com/unionwellid/unionwell-work-jacket-burt-army-s-bf24b?extParam=ivf%3Dfalse%26keyword%3Dwork+jacket%26search_id%3D2025091411251537BC2F75BF1BCF15FLTN%26src%3Dsearch,https://images.tokopedia.net/img/cache/200-square/hDjmkQ/2024/12/30/5303f126-2b03-4562-b238-abc92a2958d2.jpg.webp?ect=4g,Unionwell Work Jacket Burt Army,Rp855.000,Rp950.000,10%,6 terjual,4.8,Unionwell Official,Jakarta Selatan
https://www.tokopedia.com/evlsprtco/evilspirit-work-jacket-katrine-stripped-1731383489916011898?extParam=ivf%3Dfalse%26keyword%3Dwork+jacket%26search_id%3D2025091411251537BC2F75BF1BCF15FLTN%26src%3Dsearch,https://images.tokopedia.net/img/cache/200-square/o3syd0/1997/1/1/b6e1d3b6bd484d37b66bd7e9b84e5271~.jpeg.webp?ect=4g,EVILSPIRIT WORK JACKET -  KATRINE STRIPPED,Rp435.000,Rp599.000,27%,8 terjual,5.0,EVILSPIRITCO,Tangerang
https://www.tokopedia.com/hanoonindustries/hanoon-industries-work-jacket-boxy-fit-hitam-black-alliance-patch-1729606994699584709?extParam=ivf%3Dtrue%26keyword%3Dwork+jacket%26search_id%3D2025091411251537BC2F75BF1BCF15FLTN%26src%3Dsearch,https://images.tokopedia.net/img/cache/200-square/aphluv/1997/1/1/95aa54b946094f92b24a98f222edf822~.jpeg.webp?ect=4g,Hanoon Industries – Work Jacket Boxy Fit Hitam Black Alliance Patch,Rp431.100,Rp479.000,10%,250+ terjual,4.9,Hanoon Industries,Kab. Garut
https://www.tokopedia.com/notcryco/notcry-workjacket-boxy-cupid-1730398553802835707?extParam=ivf%3Dfalse%26keyword%3Dwork+jacket%26search_id%3D2025091411251537BC2F75BF1BCF15FLTN%26src%3Dsearch,https://images.tokopedia.net/img/cache/200-square/aphluv/1997/1/1/3f43870b636e41bab5767a701fafe41e~.jpeg.webp?ect=4g,NOTCRY WORKJACKET BOXY | CUPID |,Rp229.000,Rp650.000,65%,750+ terjual,4.7,Notcry.co,Bandung
https://www.tokopedia.com/harringtonjacketos/polo-ralph-lauren-corduroy-harrington-jacket-black-m-1plrlphcrdtyl-1731184334880868187?extParam=ivf%3Dfalse%26keyword%3Dwork+jacket%26search_id%3D2025091411251537BC2F75BF1BCF15FLTN%26src%3Dsearch,https://images.tokopedia.net/img/cache/200-square/VqbcmM/2025/4/17/5cb32054-016e-41c7-a6c0-65cf21ff2066.png.webp?ect=4g,Polo Ralph Lauren Corduroy Harrington Jacket Black M 1PLRLPHCRDTYL,Rp1.800.000,Rp2.000.000,10%,,,HOFFS,Depok
https://www.tokopedia.com/weister/weister-work-jacket-boxy-hitam-yourself-m-04ae4?extParam=ivf%3Dfalse%26keyword%3Dwork+jacket%26search_id%3D2025091411251537BC2F75BF1BCF15FLTN%26src%3Dsearch,https://images.tokopedia.net/img/cache/200-square/aphluv/1997/1/1/a07207b29a654a958cbfc5030581d56f~.jpeg.webp?ect=4g,Weister Work Jacket Boxy Hitam - Yourself Jaket Tebal,Rp198.000,Rp400.000,51%,1rb+ terjual,4.9,Weister,Depok
https://www.tokopedia.com/hanoonindustries/hanoon-industries-work-jacket-corduroy-boxy-fit-black-jacket-vintage-shade-1731012427688084677?extParam=ivf%3Dfalse%26keyword%3Dwork+jacket%26search_id%3D2025091411251537BC2F75BF1BCF15FLTN%26src%3Dsearch,https://images.tokopedia.net/img/cache/200-square/aphluv/1997/1/1/893594bea73f46fab8b58739908f11b2~.jpeg.webp?ect=4g,Hanoon Industries – Work Jacket Corduroy Boxy Fit Black Jacket Vintage Shade,Rp434.130,Rp499.000,13%,100+ terjual,4.9,Hanoon Industries,Kab. Garut
https://www.tokopedia.com/hammerstout/hammerstout-navajo-work-jacket-1729691316193167917?extParam=ivf%3Dfalse%26keyword%3Dwork+jacket%26search_id%3D2025091411251537BC2F75BF1BCF15FLTN%26src%3Dsearch,https://images.tokopedia.net/img/cache/200-square/o3syd0/1997/1/1/739f81c8699e4d9ea4fe8d1a236d5d69~.jpeg.webp?ect=4g,Hammerstout - Navajo - Work Jacket,Rp282.800,Rp499.000,43%,100+ terjual,4.8,HAMMERSTOUT,Bandung
https://www.tokopedia.com/saico/sai-necromancer-work-jacket-corduroy-boxy-fit-jaket-1730315300308288836?extParam=ivf%3Dfalse%26keyword%3Dwork+jacket%26search_id%3D2025091411251537BC2F75BF1BCF15FLTN%26src%3Dsearch,https://images.tokopedia.net/img/cache/200-square/aphluv/1997/1/1/78f40711ca8b4bce925d869830e93d32~.jpeg.webp?ect=4g,Sai - Necromancer Work Jacket Corduroy Boxy Fit Jaket,Rp288.000,Rp650.000,56%,100+ terjual,5.0,SAI.CO,Kab. Bogor
https://www.tokopedia.com/engineerworkwear/freight-series-workjacket-casual-pria-1731462605117818097?extParam=ivf%3Dfalse%26keyword%3Dwork+jacket%26search_id%3D2025091411251537BC2F75BF1BCF15FLTN%26src%3Dsearch,https://images.tokopedia.net/img/cache/200-square/aphluv/1997/1/1/808de38f074b4773b32ccb2b8d4c243b~.jpeg.webp?ect=4g,FREIGHT SERIES - Workjacket Casual Pria,Rp519.750,Rp525.000,1%,500+ terjual,4.9,ENGINEER WORKWEAR,Bandung
https://www.tokopedia.com/vearstofficial/vearst-work-jacket-grotter-black-1732020164153804267?extParam=ivf%3Dfalse%26keyword%3Dwork+jacket%26search_id%3D2025091411251537BC2F75BF1BCF15FLTN%26src%3Dsearch,https://images.tokopedia.net/img/cache/200-square/aphluv/1997/1/1/92251abe54e145c4ab0e71a2ef01a89a~.jpeg.webp?ect=4g,Vearst Work Jacket Grotter Black,Rp257.400,Rp429.000,40%,13 terjual,,Vearst Shop,Bandung
https://www.tokopedia.com/bitsnbobs76/bitsnbobs76-work-jacket-dezi-brown-workjacket-1730088616312276758?extParam=ivf%3Dfalse%26keyword%3Dwork+jacket%26search_id%3D2025091411251537BC2F75BF1BCF15FLTN%26src%3Dsearch,https://images.tokopedia.net/img/cache/200-square/aphluv/1997/1/1/b583ca5945584fdda5a3d4133f26ff25~.jpeg.webp?ect=4g,Bitsnbobs76 Work Jacket Dezi Brown Workjacket,Rp229.000,Rp450.000,49%,100+ terjual,4.8,Bitsnbobs76,Bandung
https://www.tokopedia.com/eternalworks/eternalworks-hunter-black-work-jacket-work-jaket-jaket-bomber-1730350318267696522?extParam=ivf%3Dfalse%26keyword%3Dwork+jacket%26search_id%3D2025091411251537BC2F75BF1BCF15FLTN%26src%3Dsearch,https://images.tokopedia.net/img/cache/200-square/aphluv/1997/1/1/4c55f506ea034adfabdba2e223bd4065~.jpeg.webp?ect=4g,ETERNALWORKS HUNTER BLACK WORK JACKET - WORK JAKET - JAKET BOMBER,Rp299.400,Rp499.000,40%,16 terjual,5.0,Eternalworks,Kab. Bandung
https://www.tokopedia.com/shiningbright/shining-bright-home-work-jacket-black-hitam-1731030343107118983?extParam=ivf%3Dfalse%26keyword%3Dwork+jacket%26search_id%3D2025091411251537BC2F75BF1BCF15FLTN%26src%3Dsearch,https://images.tokopedia.net/img/cache/200-square/o3syd0/1997/1/1/39af25f840cb4f838685f51f213e3fa7~.jpeg.webp?ect=4g,Shining Bright Home Work Jacket - Black - Hitam,Rp209.878,Rp450.000,53%,40+ terjual,4.8,SHINING BRIGHT_NEW,Depok
https://www.tokopedia.com/vibesapparel/vibes-apparel-basic-boxy-work-jaket-work-jacket-boxy-1732307914651043501?extParam=ivf%3Dfalse%26keyword%3Dwork+jacket%26search_id%3D2025091411251537BC2F75BF1BCF15FLTN%26src%3Dsearch,https://images.tokopedia.net/img/cache/200-square/aphluv/1997/1/1/ecd28ad6108f4f8c934ca0416e6657af~.jpeg.webp?ect=4g,VIBES APPAREL | Basic Boxy Work Jaket | Work Jacket Boxy,Rp219.000,Rp480.000,54%,,,Vibes Apparel,Tangerang
https://www.tokopedia.com/b-street/backstreet-work-jaket-boxy-polos-black-unisex-jacket-kerja-1730801843320096330?extParam=ivf%3Dfalse%26keyword%3Dwork+jacket%26search_id%3D2025091411251537BC2F75BF1BCF15FLTN%26src%3Dsearch,https://images.tokopedia.net/img/cache/200-square/aphluv/1997/1/1/1c94ed02fa1f4cea861ccf26b9da68ae~.jpeg.webp?ect=4g,Backstreet - Work - Jaket - Boxy - Polos - Black Unisex - Jacket - Kerja,Rp162.000,Rp360.000,55%,80+ terjual,4.6,B-street,Kab. Bogor
https://www.tokopedia.com/insrgt-club/insurgent-club-work-jacket-a-p-d-p-black-1730246205076506314?extParam=ivf%3Dfalse%26keyword%3Dwork+jacket%26search_id%3D2025091411251537BC2F75BF1BCF15FLTN%26src%3Dsearch,https://images.tokopedia.net/img/cache/200-square/aphluv/1997/1/1/50425442a4a6473c8b5856404e719e0a~.jpeg.webp?ect=4g,Insurgent Club - Work Jacket A.P.D.P Black,Rp489.708,Rp549.000,11%,80+ terjual,5.0,INSRGT CLUB,Bandung
https://www.tokopedia.com/insrgt-club/insurgent-club-utility-jacket-black-1730697981261612746?extParam=ivf%3Dfalse%26keyword%3Dwork+jacket%26search_id%3D2025091411251537BC2F75BF1BCF15FLTN%26src%3Dsearch,https://images.tokopedia.net/img/cache/200-square/o3syd0/1997/1/1/4e0b0328ff6047af8f0d58b3dd195b9b~.jpeg.webp?ect=4g,Insurgent Club - Utility Jacket Black,Rp489.708,Rp549.000,11%,60+ terjual,4.9,INSRGT CLUB,Bandung
https://www.tokopedia.com/gosterindustries/goster-work-jacket-boxy-fit-corduroy-vermont-olive-1729733319400720206?extParam=ivf%3Dfalse%26keyword%3Dwork+jacket%26search_id%3D2025091411251537BC2F75BF1BCF15FLTN%26src%3Dsearch,https://images.tokopedia.net/img/cache/200-square/aphluv/1997/1/1/1b97f5a885444059a1e638b9e29a7923~.jpeg.webp?ect=4g,Goster Work Jacket Boxy Fit Corduroy - Vermont Olive,Rp460.000,Rp800.000,43%,60+ terjual,5.0,goster.industries,Bandung
https://www.tokopedia.com/saico/sai-midsky-outer-overshirt-corduroy-work-jacket-boxy-corduroy-1731576599557539140?extParam=ivf%3Dfalse%26keyword%3Dwork+jacket%26search_id%3D2025091411251537BC2F75BF1BCF15FLTN%26src%3Dsearch,https://images.tokopedia.net/img/cache/200-square/aphluv/1997/1/1/db39afbd2dc94135923df2b02e86704a~.jpeg.webp?ect=4g,Sai - Midsky Outer Overshirt Corduroy Work Jacket Boxy Corduroy,Rp161.000,Rp550.000,71%,11 terjual,5.0,SAI.CO,Kab. Bogor
https://www.tokopedia.com/vearstofficial/vearst-work-jacket-grotter-olive-1731934582800090603?extParam=ivf%3Dfalse%26keyword%3Dwork+jacket%26search_id%3D2025091411251537BC2F75BF1BCF15FLTN%26src%3Dsearch,https://images.tokopedia.net/img/cache/200-square/aphluv/1997/1/1/db6200bd00094ed0acc2af6d14d0afb3~.jpeg.webp?ect=4g,Vearst Work Jacket Grotter Olive,Rp257.400,Rp429.000,40%,12 terjual,5.0,Vearst Shop,Bandung
https://www.tokopedia.com/gosterindustries/goster-work-jacket-boxy-fit-corduroy-vermont-navy-1729733316101375822?extParam=ivf%3Dfalse%26keyword%3Dwork+jacket%26search_id%3D2025091411251537BC2F75BF1BCF15FLTN%26src%3Dsearch,https://images.tokopedia.net/img/cache/200-square/aphluv/1997/1/1/9fc92395aee342ac981d4d34e9af06a7~.jpeg.webp?ect=4g,Goster Work Jacket Boxy Fit Corduroy - Vermont Navy,Rp460.000,Rp800.000,43%,100+ terjual,4.9,goster.industries,Bandung
https://www.tokopedia.com/engineerworkwear/engineer-workwear-spectrum-electrical-work-jacket-engr-dept-series-black-regular-fit-black-workjacket-teknik-workjacket-casual-jacket-lapangan-jacket-motor-1729915045116085489?extParam=ivf%3Dfalse%26keyword%3Dwork+jacket%26search_id%3D2025091411251537BC2F75BF1BCF15FLTN%26src%3Dsearch,https://images.tokopedia.net/img/cache/200-square/aphluv/1997/1/1/bbc21e98522c4eabb34e7d75d40eceef~.jpeg.webp?ect=4g,Engineer Workwear – Spectrum/ Electrical Work Jacket Engr Dept Series/Black Regular Fit Black/Workjacket Teknik/Workjacket casual/Jacket Lapangan/Jacket Motor,Rp519.750,Rp525.000,1%,80+ terjual,4.8,ENGINEER WORKWEAR,Bandung
https://www.tokopedia.com/shiningbright/shining-bright-home-work-jacket-khaki-1731182323009947527?extParam=ivf%3Dfalse%26keyword%3Dwork+jacket%26search_id%3D2025091411251537BC2F75BF1BCF15FLTN%26src%3Dsearch,https://images.tokopedia.net/img/cache/200-square/o3syd0/1997/1/1/b8de4f4f05ac4f85a696b1016ca1f987~.jpeg.webp?ect=4g,Shining Bright Home Work Jacket - Khaki,Rp209.878,Rp550.000,62%,16 terjual,5.0,SHINING BRIGHT_NEW,Depok
https://www.tokopedia.com/keepfsstore/keepfs-id-work-jacket-black-lite-1732108975134770940?extParam=ivf%3Dfalse%26keyword%3Dwork+jacket%26search_id%3D2025091411251537BC2F75BF1BCF15FLTN%26src%3Dsearch,https://images.tokopedia.net/img/cache/200-square/aphluv/1997/1/1/2688c764e91e4da89ee819858a31abf0~.jpeg.webp?ect=4g,keepfs.id | work jacket black | lite,Rp305.000,Rp610.000,50%,4 terjual,5.0,Keepfs.store,Kab. Bandung
https://www.tokopedia.com/saico/sai-gloom-work-jacket-hickory-zipper-1730885233381115204?extParam=ivf%3Dfalse%26keyword%3Dwork+jacket%26search_id%3D2025091411251537BC2F75BF1BCF15FLTN%26src%3Dsearch,https://images.tokopedia.net/img/cache/200-square/aphluv/1997/1/1/2b17611dd5ea439fa7c50ba6fb203fa6~.jpeg.webp?ect=4g,Sai - Gloom Work Jacket Hickory Zipper,Rp248.000,Rp750.000,67%,5 terjual,5.0,SAI.CO,Kab. Bogor
https://www.tokopedia.com/dreamofficialshop/dreeam-work-jacket-boxy-embosed-jacket-kerja-hitam-1731459275679106238?extParam=ivf%3Dfalse%26keyword%3Dwork+jacket%26search_id%3D2025091411251537BC2F75BF1BCF15FLTN%26src%3Dsearch,https://images.tokopedia.net/img/cache/200-square/aphluv/1997/1/1/de54f954c87941b7a0e46e7ebff32df3~.jpeg.webp?ect=4g,DREEAM - Work Jacket Boxy - Embosed - Jacket kerja Hitam,Rp192.500,Rp350.000,45%,2 terjual,,DREEAM CO,Kab. Bogor
https://www.tokopedia.com/brodo-jakarta/brodo-sphiro-work-jacket-black-1731366951885506224?extParam=ivf%3Dfalse%26keyword%3Dwork+jacket%26search_id%3D2025091411251537BC2F75BF1BCF15FLTN%26src%3Dsearch,https://images.tokopedia.net/img/cache/200-square/aphluv/1997/1/1/3f56f1c1b1f04232b90f21d81ab380c1~.jpeg.webp?ect=4g,BRODO - Sphiro Work Jacket Black,Rp425.000,Rp550.000,23%,2 terjual,,Brodo Jakarta,Jakarta Selatan
https://www.tokopedia.com/arccolletions/jacket-work-boxy-jacketmotor-nongkrong-nyamandimusimdingin-1730617277891184289?extParam=ivf%3Dfalse%26keyword%3Dwork+jacket%26search_id%3D2025091411251537BC2F75BF1BCF15FLTN%26src%3Dsearch,https://images.tokopedia.net/img/cache/200-square/aphluv/1997/1/1/5e0fe98129cf47079c1474064b291426~.jpeg.webp?ect=4g,#jacket work boxy@ jacketmotor#nongkrong#nyamandimusimdingin*,Rp126.200,Rp130.000,3%,6 terjual,5.0,Arccolletions,Kab. Bogor
https://www.tokopedia.com/signoreid/corduroy-work-jacket-button-1730895500714673692?extParam=ivf%3Dfalse%26keyword%3Dwork+jacket%26search_id%3D2025091411251537BC2F75BF1BCF15FLTN%26src%3Dsearch,https://images.tokopedia.net/img/cache/200-square/aphluv/1997/1/1/ddb026aadece412fb507f4a2279a1f01~.jpeg.webp?ect=4g,Corduroy Work Jacket Button,Rp299.000,Rp499.000,40%,1rb+ terjual,5.0,SIGNORE_NEW,Kab. Tangerang
https://www.tokopedia.com/saico/sai-mirage-work-jacket-boxy-canvas-1729646207139022148?extParam=ivf%3Dfalse%26keyword%3Dwork+jacket%26search_id%3D2025091411251537BC2F75BF1BCF15FLTN%26src%3Dsearch,https://images.tokopedia.net/img/cache/200-square/aphluv/1997/1/1/f4ef9435e8b0424290a7ff88e2ac2a60~.jpeg.webp?ect=4g,Sai - Mirage Work Jacket Boxy Canvas,Rp258.000,Rp650.000,60%,100+ terjual,4.7,SAI.CO,Kab. Bogor
https://www.tokopedia.com/saico/sai-cherry-work-jacket-realtree-boxy-bomber-jacket-oak-camo-1730801020990489924?extParam=ivf%3Dfalse%26keyword%3Dwork+jacket%26search_id%3D2025091411251537BC2F75BF1BCF15FLTN%26src%3Dsearch,https://images.tokopedia.net/img/cache/200-square/aphluv/1997/1/1/f7c0dbc21b304e1bb3525dd15cd1840c~.jpeg.webp?ect=4g,Sai - Cherry Work Jacket Realtree Boxy Bomber Jacket Oak Camo,Rp265.000,Rp650.000,59%,100+ terjual,4.5,SAI.CO,Kab. Bogor
https://www.tokopedia.com/amordecosmos/work-jacket-boxy-corduroy-kuro-black-amor-de-cosmos-1730709987983590898?extParam=ivf%3Dfalse%26keyword%3Dwork+jacket%26search_id%3D2025091411251537BC2F75BF1BCF15FLTN%26src%3Dsearch,https://images.tokopedia.net/img/cache/200-square/aphluv/1997/1/1/a54d78e703474da9b8ff86f1053dd07a~.jpeg.webp?ect=4g,Work Jacket Boxy Corduroy Kuro Black Amor De Cosmos,Rp199.000,Rp450.000,56%,70+ terjual,5.0,Amor De Cosmos,Cimahi
https://www.tokopedia.com/shiningbright/shining-bright-light-stripe-work-jacket-navy-1731670868169099143?extParam=ivf%3Dfalse%26keyword%3Dwork+jacket%26search_id%3D2025091411251537BC2F75BF1BCF15FLTN%26src%3Dsearch,https://images.tokopedia.net/img/cache/200-square/o3syd0/1997/1/1/3c2999be962541fb982eee8d80f1efae~.jpeg.webp?ect=4g,Shining Bright Light Stripe Work Jacket - Navy,Rp260.878,Rp550.000,53%,50+ terjual,5.0,SHINING BRIGHT_NEW,Depok
https://www.tokopedia.com/orcaid/orca-sed-work-jacket-black-m?extParam=ivf%3Dfalse%26keyword%3Dwork+jacket%26search_id%3D2025091411251537BC2F75BF1BCF15FLTN%26src%3Dsearch,https://images.tokopedia.net/img/cache/200-square/VqbcmM/2022/12/22/8b486781-d60a-48ef-8bcf-2a18dcf9bbcc.jpg.webp?ect=4g,"ORCA - Sed Work Jacket, Black",Rp239.000,Rp379.000,37%,8 terjual,5.0,Orca Essential,Jakarta Barat
https://www.tokopedia.com/saico/sai-introvert-work-jacket-denim-boxy-fit-1729646211733882180?extParam=ivf%3Dfalse%26keyword%3Dwork+jacket%26search_id%3D2025091411251537BC2F75BF1BCF15FLTN%26src%3Dsearch,https://images.tokopedia.net/img/cache/200-square/aphluv/1997/1/1/8e1543f81fbf43b5a9b50e5569c713a4~.jpeg.webp?ect=4g,Sai - Introvert Work Jacket Denim Boxy Fit,Rp148.000,Rp450.000,67%,100+ terjual,4.6,SAI.CO,Kab. Bogor
https://www.tokopedia.com/impt-wrhs/impact-wearhouse-work-jacket-twill-cotton-hitam-bruce-1730904801296353020?extParam=ivf%3Dfalse%26keyword%3Dwork+jacket%26search_id%3D2025091411251537BC2F75BF1BCF15FLTN%26src%3Dsearch,https://images.tokopedia.net/img/cache/200-square/o3syd0/1997/1/1/65b659a023364ed1a0e5fdbaa5975ce1~.jpeg.webp?ect=4g,IMPACT WEARHOUSE | WORK JACKET | TWILL COTTON | HITAM | Bruce,Rp139.000,Rp345.000,60%,7 terjual,3.0,IMPT WRHS,Kab. Tangerang
https://www.tokopedia.com/dreamofficialshop/dreeam-work-jacket-boxy-vitune-jaket-kerja-hitam-polos-1730718699812521150?extParam=ivf%3Dfalse%26keyword%3Dwork+jacket%26search_id%3D2025091411251537BC2F75BF1BCF15FLTN%26src%3Dsearch,https://images.tokopedia.net/img/cache/200-square/aphluv/1997/1/1/eeadbca4d0ba43fba81c3e77e5ef7a1a~.jpeg.webp?ect=4g,"DREEAM Work - Jacket Boxy - ""Vitune"" - Jaket Kerja Hitam  polos",Rp171.500,Rp350.000,51%,80+ terjual,4.4,DREEAM CO,Kab. Bogor
https://www.tokopedia.com/good-bye-ex/good-bye-ex-work-jacket-boxy-year-star-1729771742893868156?extParam=ivf%3Dfalse%26keyword%3Dwork+jacket%26search_id%3D2025091411251537BC2F75BF1BCF15FLTN%26src%3Dsearch,https://images.tokopedia.net/img/cache/200-square/aphluv/1997/1/1/52118dc4dd4147469769141ba6ffef94~.jpeg.webp?ect=4g,GOOD BYE EX - Work Jacket Boxy Year Star,Rp349.900,Rp599.000,42%,30+ terjual,4.4,GOOD BYE EX,Bandung
https://www.tokopedia.com/familiasofficial/familias-black-work-jacket-sierra-m-d1515?extParam=ivf%3Dfalse%26keyword%3Dwork+jacket%26search_id%3D2025091411251537BC2F75BF1BCF15FLTN%26src%3Dsearch,https://images.tokopedia.net/img/cache/200-square/o3syd0/1997/1/1/6221079e42e54c998b3a5790ba2dca6e~.jpeg.webp?ect=4g,Familias - Black Work Jacket - Sierra,Rp340.000,Rp450.000,24%,40+ terjual,5.0,Familias Store,Kab. Sleman
https://www.tokopedia.com/impt-wrhs/impact-wearhouse-work-jacket-twill-cotton-hitam-jokes-1730823559044499196?extParam=ivf%3Dfalse%26keyword%3Dwork+jacket%26search_id%3D2025091411251537BC2F75BF1BCF15FLTN%26src%3Dsearch,https://images.tokopedia.net/img/cache/200-square/o3syd0/1997/1/1/bd29f6046e7c44ab960ec2115a9e885f~.jpeg.webp?ect=4g,IMPACT WEARHOUSE | WORK JACKET |  TWILL COTTON | HITAM | JOKES,Rp159.000,Rp345.000,54%,14 terjual,2.0,IMPT WRHS,Kab. Tangerang
https://www.tokopedia.com/familiasofficial/familias-corduroy-work-jacket-cent-bc-1730273948977498004?extParam=ivf%3Dfalse%26keyword%3Dwork+jacket%26search_id%3D2025091411251537BC2F75BF1BCF15FLTN%26src%3Dsearch,https://images.tokopedia.net/img/cache/200-square/aphluv/1997/1/1/ac87e00fad8c46aabb1897cd72eaa266~.jpeg.webp?ect=4g,Familias - Corduroy Work Jacket - Cent Bc,Rp395.000,Rp450.000,12%,15 terjual,5.0,Familias Store,Kab. Sleman
https://www.tokopedia.com/convergentnver-371/convergent-boxy-work-jacket-fuse-pria-wanita-hitam-casual-streetwear-stylist-1730220840779351693?extParam=ivf%3Dfalse%26keyword%3Dwork+jacket%26search_id%3D2025091411251537BC2F75BF1BCF15FLTN%26src%3Dsearch,https://images.tokopedia.net/img/cache/200-square/aphluv/1997/1/1/ce683b9f96cb4854b8675c13b515b8d6~.jpeg.webp?ect=4g,Convergent Boxy Work Jacket - Fuse Pria Wanita Hitam Casual Streetwear Stylist,Rp259.000,Rp599.000,57%,100+ terjual,4.4,Convergent.nver,Kab. Bandung
https://www.tokopedia.com/familiasofficial/familias-black-work-jacket-varta-bc-1729561479286130580?extParam=ivf%3Dfalse%26keyword%3Dwork+jacket%26search_id%3D2025091411251537BC2F75BF1BCF15FLTN%26src%3Dsearch,https://images.tokopedia.net/img/cache/200-square/aphluv/1997/1/1/8681f3b6c8344779a384b2a3eba0fb50~.jpeg.webp?ect=4g,Familias - Black Work Jacket - Varta Bc,Rp325.000,Rp450.000,28%,15 terjual,5.0,Familias Store,Kab. Sleman
https://www.tokopedia.com/qwertylife-official-shop/qwertylife-work-jacket-jems-black-1729704302015187193?extParam=ivf%3Dfalse%26keyword%3Dwork+jacket%26search_id%3D2025091411251537BC2F75BF1BCF15FLTN%26src%3Dsearch,https://images.tokopedia.net/img/cache/200-square/o3syd0/1997/1/1/d5daa5ccfc6c425b8205a33d5a2dbcf5~.jpeg.webp?ect=4g,Qwertylife Work Jacket Jems Black,Rp139.000,Rp490.000,72%,5rb+ terjual,4.7,Qwertylife Official Shop_NEW,Kab. Bogor
https://www.tokopedia.com/vicino-leggero/vicino-leggero-work-jacket-boxy-z-loen-jaket-kerja-boxy-unisex-hitam-1731345512418804854?extParam=ivf%3Dfalse%26keyword%3Dwork+jacket%26search_id%3D2025091411251537BC2F75BF1BCF15FLTN%26src%3Dsearch,https://images.tokopedia.net/img/cache/200-square/aphluv/1997/1/1/0a61d7e691744848885564fbd45be68e~.jpeg.webp?ect=4g,Vicino Leggero work jacket boxy z_loen - jaket kerja boxy unisex hitam,Rp184.000,Rp400.000,54%,500+ terjual,4.7,Vicino Leggero,Kab. Bogor
https://www.tokopedia.com/engineerworkwear/engineer-workwear-freights-basic-workjacket-series-jaket-lapangan-1731053032307066833?extParam=ivf%3Dfalse%26keyword%3Dwork+jacket%26search_id%3D2025091411251537BC2F75BF1BCF15FLTN%26src%3Dsearch,https://images.tokopedia.net/img/cache/200-square/o3syd0/1997/1/1/f545c47c0d88448587dc839d4c1e3d61~.jpeg.webp?ect=4g,Engineer Workwear Mechanical Workjacket Black Jaket Lapangan Casual Boxy,Rp427.500,Rp450.000,5%,30+ terjual,5.0,ENGINEER WORKWEAR,Bandung
https://www.tokopedia.com/vobiastudio/vobia-work-jacket-boxy-canvas-dominates-1731117083300366243?extParam=ivf%3Dfalse%26keyword%3Dwork+jacket%26search_id%3D2025091411251537BC2F75BF1BCF15FLTN%26src%3Dsearch,https://images.tokopedia.net/img/cache/200-square/o3syd0/1997/1/1/6ecd342093d440da8e6a05458a40a030~.jpeg.webp?ect=4g,Vobia Work Jacket Boxy Canvas - Dominates,Rp349.000,Rp599.000,42%,100+ terjual,4.8,vobia,Depok
https://www.tokopedia.com/impt-wrhs/impact-wearhouse-work-jacket-hitam-identity-1730904742948144892?extParam=ivf%3Dfalse%26keyword%3Dwork+jacket%26search_id%3D2025091411251537BC2F75BF1BCF15FLTN%26src%3Dsearch,https://images.tokopedia.net/img/cache/200-square/o3syd0/1997/1/1/626bb2ec2f944c5eba5b0a0fe7e55e43~.jpeg.webp?ect=4g,IMPACT WEARHOUSE | WORK JACKET | HITAM | Identity,Rp159.000,Rp345.000,54%,2 terjual,5.0,IMPT WRHS,Kab. Tangerang
https://www.tokopedia.com/saico/sai-impala-work-jacket-boxy-canvas-black-1730885424386311492?extParam=ivf%3Dfalse%26keyword%3Dwork+jacket%26search_id%3D2025091411251537BC2F75BF1BCF15FLTN%26src%3Dsearch,https://images.tokopedia.net/img/cache/200-square/aphluv/1997/1/1/efb65365a83f428da0a1eac3902bedf8~.jpeg.webp?ect=4g,Sai - Impala Work Jacket Boxy Canvas Black,Rp258.000,Rp650.000,60%,4 terjual,4.7,SAI.CO,Kab. Bogor
https://www.tokopedia.com/evilfact/evil-work-jacket-boxy-clad-in-glooom-l24-black-1731229287887308237?extParam=ivf%3Dfalse%26keyword%3Dwork+jacket%26search_id%3D2025091411251537BC2F75BF1BCF15FLTN%26src%3Dsearch,https://images.tokopedia.net/img/cache/200-square/hDjmkQ/2025/4/22/22c0faba-aa9f-40ed-9679-9305274780ae.jpg.webp?ect=4g,EVIL WORK JACKET BOXY - CLAD IN GLOOOM L24 BLACK,Rp300.000,Rp440.000,32%,4 terjual,,evil_NEW,Bandung
https://www.tokopedia.com/x-urband/x-urband-absolute-work-jacket-corduroy-bomber-glory-1729644209073915829?extParam=ivf%3Dfalse%26keyword%3Dwork+jacket%26search_id%3D2025091411251537BC2F75BF1BCF15FLTN%26src%3Dsearch,https://images.tokopedia.net/img/cache/200-square/aphluv/1997/1/1/f912b05468a74ce09ba0a65815878e8c~.jpeg.webp?ect=4g,X Urband Absolute Work Jacket Corduroy Bomber Glory,Rp185.000,Rp370.000,50%,100+ terjual,4.5,X URBAND ABSOLUTE,Kab. Bandung
https://www.tokopedia.com/keepfsstore/keepfs-id-work-jacket-black-growth-1729715844003825404?extParam=ivf%3Dfalse%26keyword%3Dwork+jacket%26search_id%3D2025091411251537BC2F75BF1BCF15FLTN%26src%3Dsearch,https://images.tokopedia.net/img/cache/200-square/aphluv/1997/1/1/886b2d3200be4ebeac52679bd7255fc2~.jpeg.webp?ect=4g,keepfs.id | work jacket black | growth,Rp305.000,Rp610.000,50%,30+ terjual,5.0,Keepfs.store,Kab. Bandung
https://www.tokopedia.com/safeindustries/safeindustries-jaket-work-13-brown-1730806799236957773?extParam=ivf%3Dfalse%26keyword%3Dwork+jacket%26search_id%3D2025091411251537BC2F75BF1BCF15FLTN%26src%3Dsearch,https://lf-web-assets.tokopedia-static.net/obj/tokopedia-web-sg/zeus_v2/85cc883d.svg,SAFEINDUSTRIES Jaket Work 13 Brown,Rp449.650,Rp529.000,15%,1 terjual,,Safeindustries,Bandung
https://www.tokopedia.com/madlessofficial/madless-work-jacket-boxy-fit-wj-01-outer-jaket-pria-1732322417448617302?extParam=ivf%3Dfalse%26keyword%3Dwork+jacket%26search_id%3D2025091411251537BC2F75BF1BCF15FLTN%26src%3Dsearch,https://lf-web-assets.tokopedia-static.net/obj/tokopedia-web-sg/zeus_v2/85cc883d.svg,Madless | Work Jacket Boxy Fit | WJ 01 | Outer Jaket  Pria,Rp199.000,Rp410.000,51%,,,Madlesswear_NEW,Kab. Tangerang
https://www.tokopedia.com/mezzo-rise-in-art/mezzo-rise-in-art-boxy-work-jacket-domin-hitam-1729618150664799601?extParam=ivf%3Dtrue%26keyword%3Dwork+jacket%26search_id%3D2025091411251537BC2F75BF1BCF15FLTN%26src%3Dsearch,https://lf-web-assets.tokopedia-static.net/obj/tokopedia-web-sg/zeus_v2/85cc883d.svg,MEZZO RISE IN ART Boxy Work Jacket - Domin Hitam,Rp167.700,Rp390.000,57%,750+ terjual,4.3,MEZZO RISE IN ART,Kab. Bogor
https://www.tokopedia.com/saico/sai-glycol-work-jacket-boxy-canvas-outer-shirt-1731436878088930628?extParam=ivf%3Dfalse%26keyword%3Dwork+jacket%26search_id%3D2025091411251537BC2F75BF1BCF15FLTN%26src%3Dsearch,https://lf-web-assets.tokopedia-static.net/obj/tokopedia-web-sg/zeus_v2/85cc883d.svg,Sai - Glycol Work Jacket Boxy Canvas Outer Shirt,Rp188.000,Rp580.000,68%,,,SAI.CO,Kab. Bogor
https://www.tokopedia.com/hammerstout/hammerstout-thir-work-jacket-1729670726448548397?extParam=ivf%3Dfalse%26keyword%3Dwork+jacket%26search_id%3D2025091411251537BC2F75BF1BCF15FLTN%26src%3Dsearch,https://lf-web-assets.tokopedia-static.net/obj/tokopedia-web-sg/zeus_v2/85cc883d.svg,Hammerstout - Thir - Work Jacket,Rp359.800,Rp529.000,32%,100+ terjual,4.8,HAMMERSTOUT,Bandung
https://www.tokopedia.com/shiningbright/shining-bright-light-corduroy-work-jacket-khaki-1730861915324385159?extParam=ivf%3Dfalse%26keyword%3Dwork+jacket%26search_id%3D2025091411251537BC2F75BF1BCF15FLTN%26src%3Dsearch,https://lf-web-assets.tokopedia-static.net/obj/tokopedia-web-sg/zeus_v2/85cc883d.svg,Shining Bright Light Corduroy Work Jacket - Khaki,Rp260.878,Rp550.000,53%,30+ terjual,5.0,SHINING BRIGHT_NEW,Depok
https://www.tokopedia.com/evlsprtco/evilspirit-work-jacket-amorr-mocca-unisex-1731383325432120698?extParam=ivf%3Dfalse%26keyword%3Dwork+jacket%26search_id%3D2025091411251537BC2F75BF1BCF15FLTN%26src%3Dsearch,https://lf-web-assets.tokopedia-static.net/obj/tokopedia-web-sg/zeus_v2/85cc883d.svg,EVILSPIRIT WORK JACKET - AMORR MOCCA UNISEX,Rp349.000,Rp599.000,42%,9 terjual,5.0,EVILSPIRITCO,Tangerang
https://www.tokopedia.com/johnnyandjoy/johnny-and-joy-jacket-insider-work-jacket-jaket-kerja-semi-formal-hitam-s-988e1?extParam=ivf%3Dfalse%26keyword%3Dwork+jacket%26search_id%3D2025091411251537BC2F75BF1BCF15FLTN%26src%3Dsearch,https://lf-web-assets.tokopedia-static.net/obj/tokopedia-web-sg/zeus_v2/85cc883d.svg,Johnny and Joy Jacket Insider - Work Jacket Jaket Kerja Semi Formal,Rp337.500,Rp450.000,25%,11 terjual,4.5,JohnnyandJoy,Kab. Bandung Barat
https://www.tokopedia.com/breaksidestore/free-box-breakside-work-jacket-boxy-fit-happy-black-1732050666358015174?extParam=ivf%3Dfalse%26keyword%3Dwork+jacket%26search_id%3D2025091411251537BC2F75BF1BCF15FLTN%26src%3Dsearch,https://lf-web-assets.tokopedia-static.net/obj/tokopedia-web-sg/zeus_v2/85cc883d.svg,[FREE BOX] Breakside Work Jacket Boxy Fit Happy - Black,Rp317.500,Rp469.000,32%,8 terjual,,breaksidestore,Kab. Bandung
https://www.tokopedia.com/saico/sai-positive-state-work-jacket-boxy-canvas-zipper-santai-1729858687676942660?extParam=ivf%3Dfalse%26keyword%3Dwork+jacket%26search_id%3D2025091411251537BC2F75BF1BCF15FLTN%26src%3Dsearch,https://lf-web-assets.tokopedia-static.net/obj/tokopedia-web-sg/zeus_v2/85cc883d.svg,Sai - Positive State Work Jacket Boxy Canvas Zipper Santai,Rp205.000,Rp750.000,73%,2 terjual,,SAI.CO,Kab. Bogor
https://www.tokopedia.com/croozid/crooz-dakota-work-jacket-heavyweight-10-oz-grey-m-b2943?extParam=ivf%3Dfalse%26keyword%3Dwork+jacket%26search_id%3D2025091411251537BC2F75BF1BCF15FLTN%26src%3Dsearch,https://lf-web-assets.tokopedia-static.net/obj/tokopedia-web-sg/zeus_v2/85cc883d.svg,CROOZ DAKOTA WORK JACKET | HEAVYWEIGHT 10 OZ | GREY,Rp350.000,Rp835.000,58%,5 terjual,5.0,CROOZ.ID,Jakarta Selatan
https://www.tokopedia.com/vearstofficial/vearst-affaires-work-jacket-xena-olive-1730886498197800084?extParam=ivf%3Dfalse%26keyword%3Dwork+jacket%26search_id%3D2025091411251537BC2F75BF1BCF15FLTN%26src%3Dsearch,https://lf-web-assets.tokopedia-static.net/obj/tokopedia-web-sg/zeus_v2/85cc883d.svg,Vearst Affaires Work Jacket Xena Olive Zipper,Rp263.400,Rp439.000,40%,1 terjual,,Vearst Shop,Bandung
https://www.tokopedia.com/saico/sai-universe-work-jacket-canvas-hitam-1729712928829835588?extParam=ivf%3Dfalse%26keyword%3Dwork+jacket%26search_id%3D2025091411251537BC2F75BF1BCF15FLTN%26src%3Dsearch,https://lf-web-assets.tokopedia-static.net/obj/tokopedia-web-sg/zeus_v2/85cc883d.svg,Sai - Universe Work Jacket Canvas Hitam,Rp258.000,Rp750.000,66%,5 terjual,5.0,SAI.CO,Kab. Bogor
https://www.tokopedia.com/jeensneakers-1/work-jacket-vintage-pria-jacket-vintage-distro-canvas-jacket-pria-wanita-jacket-jeen-original-1730284987737474542?extParam=ivf%3Dfalse%26keyword%3Dwork+jacket%26search_id%3D2025091411251537BC2F75BF1BCF15FLTN%26src%3Dsearch,https://lf-web-assets.tokopedia-static.net/obj/tokopedia-web-sg/zeus_v2/85cc883d.svg,Work Jacket Vintage Pria - Jacket Vintage Distro Canvas - Jacket Pria Wanita - Jacket Jeen Original,Rp234.000,Rp390.000,40%,10 terjual,5.0,JEEN SNEAKERS,Blitar
https://www.tokopedia.com/johnnyandjoy/johnny-and-joy-jacket-insider-black-work-jacket-jaket-kerja-semi-formal-hitam-s-cb776?extParam=ivf%3Dfalse%26keyword%3Dwork+jacket%26search_id%3D2025091411251537BC2F75BF1BCF15FLTN%26src%3Dsearch,https://lf-web-assets.tokopedia-static.net/obj/tokopedia-web-sg/zeus_v2/85cc883d.svg,Johnny and Joy Jacket Insider Black - Work Jacket Jaket Kerja Semi Formal,Rp337.500,Rp450.000,25%,11 terjual,5.0,JohnnyandJoy,Kab. Bandung Barat
https://www.tokopedia.com/fairgoodsid/fairgoods-work-jacket-boxy-black-1730735466471720145?extParam=ivf%3Dfalse%26keyword%3Dwork+jacket%26search_id%3D2025091411251537BC2F75BF1BCF15FLTN%26src%3Dsearch,https://lf-web-assets.tokopedia-static.net/obj/tokopedia-web-sg/zeus_v2/85cc883d.svg,Fairgoods Work Jacket Boxy Black,Rp185.000,Rp400.000,54%,60+ terjual,3.7,fairgoods.id,Kab. Bogor
https://www.tokopedia.com/saico/sai-alisson-work-jacket-boxy-bomber-jacket-black-zipper-1730748806932628804?extParam=ivf%3Dfalse%26keyword%3Dwork+jacket%26search_id%3D2025091411251537BC2F75BF1BCF15FLTN%26src%3Dsearch,https://lf-web-assets.tokopedia-static.net/obj/tokopedia-web-sg/zeus_v2/85cc883d.svg,Sai - Alisson Work Jacket Boxy Bomber Jacket  Black Zipper,Rp267.000,Rp750.000,64%,9 terjual,4.0,SAI.CO,Kab. Bogor
https://www.tokopedia.com/saico/sai-co-afterglow-corduroy-zipper-jacket-work-jacket-polos-1729661065886468420?extParam=ivf%3Dfalse%26keyword%3Dwork+jacket%26search_id%3D2025091411251537BC2F75BF1BCF15FLTN%26src%3Dsearch,https://lf-web-assets.tokopedia-static.net/obj/tokopedia-web-sg/zeus_v2/85cc883d.svg,SAI.CO - Afterglow Corduroy Zipper Jacket Work Jacket Polos,Rp178.000,Rp380.000,53%,40+ terjual,4.9,SAI.CO,Kab. Bogor
https://www.tokopedia.com/vicino-leggero/vicino-leggero-work-jacket-boxy-basic-polos-jaket-boxy-basic-polos-unisex-hitam-1731345602095187062?extParam=ivf%3Dfalse%26keyword%3Dwork+jacket%26search_id%3D2025091411251537BC2F75BF1BCF15FLTN%26src%3Dsearch,https://lf-web-assets.tokopedia-static.net/obj/tokopedia-web-sg/zeus_v2/85cc883d.svg,Vicino Leggero work jacket boxy basic polos - jaket boxy basic polos unisex hitam,Rp180.000,Rp400.000,55%,19 terjual,3.8,Vicino Leggero,Kab. Bogor
https://www.tokopedia.com/eternalworks/jaket-pria-eternalworks-rocky-field-jacket-green-jaket-parka-s?extParam=ivf%3Dfalse%26keyword%3Dwork+jacket%26search_id%3D2025091411251537BC2F75BF1BCF15FLTN%26src%3Dsearch,https://lf-web-assets.tokopedia-static.net/obj/tokopedia-web-sg/zeus_v2/85cc883d.svg,ETERNALWORKS ROCKY FIELD JACKET GREEN - JAKET PARKA,Rp296.650,Rp349.000,15%,250+ terjual,4.9,Eternalworks,Kab. Bandung
https://www.tokopedia.com/shiningbright/shining-bright-home-work-jacket-navy-m-f078c?extParam=ivf%3Dfalse%26keyword%3Dwork+jacket%26search_id%3D2025091411251537BC2F75BF1BCF15FLTN%26src%3Dsearch,https://lf-web-assets.tokopedia-static.net/obj/tokopedia-web-sg/zeus_v2/85cc883d.svg,Shining Bright Home Work Jacket - Navy,Rp215.878,Rp450.000,52%,17 terjual,5.0,SHINING BRIGHT_NEW,Depok
https://www.tokopedia.com/safeindustries/safeindustries-jaket-work-13-brown-1730806799236957773?extParam=ivf%3Dfalse%26keyword%3Dwork+jacket%26search_id%3D2025091411251537BC2F75BF1BCF15FLTN%26src%3Dsearch,https://images.tokopedia.net/img/cache/200-square/aphluv/1997/1/1/73fe07194f0d4865b43b1ec6bfc18b7d~.jpeg.webp?ect=4g,SAFEINDUSTRIES Jaket Work 13 Brown,Rp449.650,Rp529.000,15%,1 terjual,,Safeindustries,Bandung
https://www.tokopedia.com/madlessofficial/madless-work-jacket-boxy-fit-wj-01-outer-jaket-pria-1732322417448617302?extParam=ivf%3Dfalse%26keyword%3Dwork+jacket%26search_id%3D2025091411251537BC2F75BF1BCF15FLTN%26src%3Dsearch,https://images.tokopedia.net/img/cache/200-square/aphluv/1997/1/1/9c39827ce31f44e781716eb5847c7ca3~.jpeg.webp?ect=4g,Madless | Work Jacket Boxy Fit | WJ 01 | Outer Jaket  Pria,Rp199.000,Rp410.000,51%,,,Madlesswear_NEW,Kab. Tangerang
https://www.tokopedia.com/mezzo-rise-in-art/mezzo-rise-in-art-boxy-work-jacket-domin-hitam-1729618150664799601?extParam=ivf%3Dtrue%26keyword%3Dwork+jacket%26search_id%3D2025091411251537BC2F75BF1BCF15FLTN%26src%3Dsearch,https://images.tokopedia.net/img/cache/200-square/aphluv/1997/1/1/c4710a0ad7cb4b56922ce2a6d1b679c9~.jpeg.webp?ect=4g,MEZZO RISE IN ART Boxy Work Jacket - Domin Hitam,Rp167.700,Rp390.000,57%,750+ terjual,4.3,MEZZO RISE IN ART,Kab. Bogor
https://www.tokopedia.com/saico/sai-glycol-work-jacket-boxy-canvas-outer-shirt-1731436878088930628?extParam=ivf%3Dfalse%26keyword%3Dwork+jacket%26search_id%3D2025091411251537BC2F75BF1BCF15FLTN%26src%3Dsearch,https://images.tokopedia.net/img/cache/200-square/aphluv/1997/1/1/4527e0634ab64bd8ab36bac6fa76faab~.jpeg.webp?ect=4g,Sai - Glycol Work Jacket Boxy Canvas Outer Shirt,Rp188.000,Rp580.000,68%,,,SAI.CO,Kab. Bogor
https://www.tokopedia.com/hammerstout/hammerstout-thir-work-jacket-1729670726448548397?extParam=ivf%3Dfalse%26keyword%3Dwork+jacket%26search_id%3D2025091411251537BC2F75BF1BCF15FLTN%26src%3Dsearch,https://images.tokopedia.net/img/cache/200-square/o3syd0/1997/1/1/47e6ab614b614333964bd57afc882c50~.jpeg.webp?ect=4g,Hammerstout - Thir - Work Jacket,Rp359.800,Rp529.000,32%,100+ terjual,4.8,HAMMERSTOUT,Bandung
https://www.tokopedia.com/shiningbright/shining-bright-light-corduroy-work-jacket-khaki-1730861915324385159?extParam=ivf%3Dfalse%26keyword%3Dwork+jacket%26search_id%3D2025091411251537BC2F75BF1BCF15FLTN%26src%3Dsearch,https://images.tokopedia.net/img/cache/200-square/aphluv/1997/1/1/a2d6bc8ab8804d42a101d7b95f75ed58~.jpeg.webp?ect=4g,Shining Bright Light Corduroy Work Jacket - Khaki,Rp260.878,Rp550.000,53%,30+ terjual,5.0,SHINING BRIGHT_NEW,Depok
https://www.tokopedia.com/evlsprtco/evilspirit-work-jacket-amorr-mocca-unisex-1731383325432120698?extParam=ivf%3Dfalse%26keyword%3Dwork+jacket%26search_id%3D2025091411251537BC2F75BF1BCF15FLTN%26src%3Dsearch,https://images.tokopedia.net/img/cache/200-square/o3syd0/1997/1/1/072f88c7bf2741b69d77a1d30c873068~.jpeg.webp?ect=4g,EVILSPIRIT WORK JACKET - AMORR MOCCA UNISEX,Rp349.000,Rp599.000,42%,9 terjual,5.0,EVILSPIRITCO,Tangerang
https://www.tokopedia.com/johnnyandjoy/johnny-and-joy-jacket-insider-work-jacket-jaket-kerja-semi-formal-hitam-s-988e1?extParam=ivf%3Dfalse%26keyword%3Dwork+jacket%26search_id%3D2025091411251537BC2F75BF1BCF15FLTN%26src%3Dsearch,https://images.tokopedia.net/img/cache/200-square/VqbcmM/2024/8/15/e3db3cd2-3f8e-4415-933a-54c8b023b77f.jpg.webp?ect=4g,Johnny and Joy Jacket Insider - Work Jacket Jaket Kerja Semi Formal,Rp337.500,Rp450.000,25%,11 terjual,4.5,JohnnyandJoy,Kab. Bandung Barat
https://www.tokopedia.com/breaksidestore/free-box-breakside-work-jacket-boxy-fit-happy-black-1732050666358015174?extParam=ivf%3Dfalse%26keyword%3Dwork+jacket%26search_id%3D2025091411251537BC2F75BF1BCF15FLTN%26src%3Dsearch,https://images.tokopedia.net/img/cache/200-square/aphluv/1997/1/1/6babfbfef95047389b7134486325d9d4~.jpeg.webp?ect=4g,[FREE BOX] Breakside Work Jacket Boxy Fit Happy - Black,Rp317.500,Rp469.000,32%,8 terjual,,breaksidestore,Kab. Bandung
https://www.tokopedia.com/saico/sai-positive-state-work-jacket-boxy-canvas-zipper-santai-1729858687676942660?extParam=ivf%3Dfalse%26keyword%3Dwork+jacket%26search_id%3D2025091411251537BC2F75BF1BCF15FLTN%26src%3Dsearch,https://images.tokopedia.net/img/cache/200-square/o3syd0/1997/1/1/6cb3e0adaba043b8a4c5173cd427ea1b~.jpeg.webp?ect=4g,Sai - Positive State Work Jacket Boxy Canvas Zipper Santai,Rp205.000,Rp750.000,73%,2 terjual,,SAI.CO,Kab. Bogor
https://www.tokopedia.com/croozid/crooz-dakota-work-jacket-heavyweight-10-oz-grey-m-b2943?extParam=ivf%3Dfalse%26keyword%3Dwork+jacket%26search_id%3D2025091411251537BC2F75BF1BCF15FLTN%26src%3Dsearch,https://images.tokopedia.net/img/cache/200-square/VqbcmM/2024/9/19/9787f09b-42bb-4041-a2b8-bdc6f9abd307.jpg.webp?ect=4g,CROOZ DAKOTA WORK JACKET | HEAVYWEIGHT 10 OZ | GREY,Rp350.000,Rp835.000,58%,5 terjual,5.0,CROOZ.ID,Jakarta Selatan
https://www.tokopedia.com/vearstofficial/vearst-affaires-work-jacket-xena-olive-1730886498197800084?extParam=ivf%3Dfalse%26keyword%3Dwork+jacket%26search_id%3D2025091411251537BC2F75BF1BCF15FLTN%26src%3Dsearch,https://images.tokopedia.net/img/cache/200-square/aphluv/1997/1/1/c73bf905543a4d0e845ff1481c927239~.jpeg.webp?ect=4g,Vearst Affaires Work Jacket Xena Olive Zipper,Rp263.400,Rp439.000,40%,1 terjual,,Vearst Shop,Bandung
https://www.tokopedia.com/saico/sai-universe-work-jacket-canvas-hitam-1729712928829835588?extParam=ivf%3Dfalse%26keyword%3Dwork+jacket%26search_id%3D2025091411251537BC2F75BF1BCF15FLTN%26src%3Dsearch,https://images.tokopedia.net/img/cache/200-square/o3syd0/1997/1/1/3e5c9e1425ed42498ccfb9e3a8a9eec3~.jpeg.webp?ect=4g,Sai - Universe Work Jacket Canvas Hitam,Rp258.000,Rp750.000,66%,5 terjual,5.0,SAI.CO,Kab. Bogor
https://www.tokopedia.com/jeensneakers-1/work-jacket-vintage-pria-jacket-vintage-distro-canvas-jacket-pria-wanita-jacket-jeen-original-1730284987737474542?extParam=ivf%3Dfalse%26keyword%3Dwork+jacket%26search_id%3D2025091411251537BC2F75BF1BCF15FLTN%26src%3Dsearch,https://images.tokopedia.net/img/cache/200-square/aphluv/1997/1/1/7627068456a44052a154ee955bfbc1f0~.jpeg.webp?ect=4g,Work Jacket Vintage Pria - Jacket Vintage Distro Canvas - Jacket Pria Wanita - Jacket Jeen Original,Rp234.000,Rp390.000,40%,10 terjual,5.0,JEEN SNEAKERS,Blitar
https://www.tokopedia.com/johnnyandjoy/johnny-and-joy-jacket-insider-black-work-jacket-jaket-kerja-semi-formal-hitam-s-cb776?extParam=ivf%3Dfalse%26keyword%3Dwork+jacket%26search_id%3D2025091411251537BC2F75BF1BCF15FLTN%26src%3Dsearch,https://images.tokopedia.net/img/cache/200-square/VqbcmM/2024/8/27/7c51b505-d7b2-441d-a542-fd5cd1047551.jpg.webp?ect=4g,Johnny and Joy Jacket Insider Black - Work Jacket Jaket Kerja Semi Formal,Rp337.500,Rp450.000,25%,11 terjual,5.0,JohnnyandJoy,Kab. Bandung Barat
https://www.tokopedia.com/fairgoodsid/fairgoods-work-jacket-boxy-black-1730735466471720145?extParam=ivf%3Dfalse%26keyword%3Dwork+jacket%26search_id%3D2025091411251537BC2F75BF1BCF15FLTN%26src%3Dsearch,https://images.tokopedia.net/img/cache/200-square/aphluv/1997/1/1/238b52cee05d47b8acaca4a46a7257f0~.jpeg.webp?ect=4g,Fairgoods Work Jacket Boxy Black,Rp185.000,Rp400.000,54%,60+ terjual,3.7,fairgoods.id,Kab. Bogor
https://www.tokopedia.com/saico/sai-alisson-work-jacket-boxy-bomber-jacket-black-zipper-1730748806932628804?extParam=ivf%3Dfalse%26keyword%3Dwork+jacket%26search_id%3D2025091411251537BC2F75BF1BCF15FLTN%26src%3Dsearch,https://images.tokopedia.net/img/cache/200-square/aphluv/1997/1/1/c216a8d1538941d48618b720b96d1d48~.jpeg.webp?ect=4g,Sai - Alisson Work Jacket Boxy Bomber Jacket  Black Zipper,Rp267.000,Rp750.000,64%,9 terjual,4.0,SAI.CO,Kab. Bogor
https://www.tokopedia.com/saico/sai-co-afterglow-corduroy-zipper-jacket-work-jacket-polos-1729661065886468420?extParam=ivf%3Dfalse%26keyword%3Dwork+jacket%26search_id%3D2025091411251537BC2F75BF1BCF15FLTN%26src%3Dsearch,https://images.tokopedia.net/img/cache/200-square/o3syd0/1997/1/1/360fb5c87c5c46168e7c360e235bb131~.jpeg.webp?ect=4g,SAI.CO - Afterglow Corduroy Zipper Jacket Work Jacket Polos,Rp178.000,Rp380.000,53%,40+ terjual,4.9,SAI.CO,Kab. Bogor
https://www.tokopedia.com/vicino-leggero/vicino-leggero-work-jacket-boxy-basic-polos-jaket-boxy-basic-polos-unisex-hitam-1731345602095187062?extParam=ivf%3Dfalse%26keyword%3Dwork+jacket%26search_id%3D2025091411251537BC2F75BF1BCF15FLTN%26src%3Dsearch,https://images.tokopedia.net/img/cache/200-square/aphluv/1997/1/1/55cd523320a4462eb84be4710db7e7c0~.jpeg.webp?ect=4g,Vicino Leggero work jacket boxy basic polos - jaket boxy basic polos unisex hitam,Rp180.000,Rp400.000,55%,19 terjual,3.8,Vicino Leggero,Kab. Bogor
https://www.tokopedia.com/eternalworks/jaket-pria-eternalworks-rocky-field-jacket-green-jaket-parka-s?extParam=ivf%3Dfalse%26keyword%3Dwork+jacket%26search_id%3D2025091411251537BC2F75BF1BCF15FLTN%26src%3Dsearch,https://images.tokopedia.net/img/cache/200-square/o3syd0/1997/1/1/b863d22472504681a80fbabadb270884~.jpeg.webp?ect=4g,ETERNALWORKS ROCKY FIELD JACKET GREEN - JAKET PARKA,Rp296.650,Rp349.000,15%,250+ terjual,4.9,Eternalworks,Kab. Bandung
https://www.tokopedia.com/shiningbright/shining-bright-home-work-jacket-navy-m-f078c?extParam=ivf%3Dfalse%26keyword%3Dwork+jacket%26search_id%3D2025091411251537BC2F75BF1BCF15FLTN%26src%3Dsearch,https://images.tokopedia.net/img/cache/200-square/hDjmkQ/2024/12/30/6e25318e-0af2-47b5-a223-c6065b032580.jpg.webp?ect=4g,Shining Bright Home Work Jacket - Navy,Rp215.878,Rp450.000,52%,17 terjual,5.0,SHINING BRIGHT_NEW,Depok
